Tiempo (s),Ángulo (grados),Posición del Carro (m),Velocidad del Carro (m/s),Fuerza (N)
0.0,23.306138000470494,-9.508910889165737e-05,-0.009508910889165736,4.552030095546872e-16
0.01,21.627507381694652,-0.0002774793621624338,-0.018239025327077642,4.552030095546872e-16
0.02,19.963114831561832,-0.0005397024707927171,-0.026222310863028328,4.552030095546872e-16
0.03,18.31238845769122,-0.0008685113693525821,-0.03288088985598651,0.2431595838402744
0.04,16.68809050183662,-0.0010677799623222462,-0.019926859296966415,7.811812849964267
0.05,15.09479902709433,-0.000995779594394811,0.00720003679274352,13.190415951978823
0.06,13.545760756415996,-0.0004151781560520673,0.058060143834274366,22.393508442697595
0.07,12.036340408161244,0.0007045171773441758,0.1119695333396243,23.318995006710907
0.08,10.565151736919608,0.0023690553082252397,0.16645381308810636,23.278969933155597
0.09,9.131337006272814,0.004583094141309606,0.22140388330843655,23.220835371304883
0.1,7.733987945574732,0.007350375718710887,0.27672815774012816,23.149904295233615
0.11,6.372153818047862,0.010673860940656706,0.3323485221945819,23.06986032294773
0.12,5.044848164925128,0.014555832767129046,0.3881971826472341,22.983143742548933
0.13,3.7510560137886113,0.018997994767542315,0.44421620004132695,22.892048943996997
0.14,2.4897385656644264,0.024001536782126416,0.50035420145841,22.79761126418362
0.15,1.2605447600901618,0.029576113673082594,0.5574576890956178,23.05745911195332
0.16,0.06274350155119723,0.03572930850779433,0.6153194834711737,23.248655372800595
0.17,-1.1045717094912515,0.04246570613642256,0.6736397628628229,23.33302536029171
0.18,-2.236088718146342,0.049867187890636024,0.7401481754213466,26.52121707352036
0.19,-3.328483249722793,0.058016229047707514,0.8149041157071492,29.74557523576936
0.2,-4.376850049944387,0.06701539336321766,0.8999164315510138,33.78657106980873
0.21,-5.372295233480062,0.07702439149517763,1.000899813195998,40.12754928193775
0.22,-6.307861061993906,0.0881975287560923,1.1173137260914663,46.26880450065387
0.23,-7.188122665873247,0.10054056248709468,1.2343033731002384,46.48501112652653
0.24,-8.013757563463663,0.11405858446298031,1.3518021975885632,46.685218291002286
0.25,-8.78558127956336,0.1287541453358824,1.469556087290208,46.792476733926655
0.26,-9.504035595421767,0.1446331418910389,1.5878996555156515,47.040460433907995
0.27,-10.169791367336673,0.16169903619148943,1.7065894300450524,47.19653840596416
0.28,-10.783440104513616,0.17995484895674613,1.8255812765256705,47.33898583560024
0.29,-11.345540618960133,0.19940320510063997,1.9448356143893826,47.46839821307595
0.3,-11.85661558558267,0.22004637417435646,2.0643169073716505,47.585313794894844
0.31,-12.317148741337684,0.24188630387637627,2.183992970201982,47.690128050125786
0.32,-12.727582012659104,0.2649246548854222,2.303835100904593,47.78341218572953
0.33,-13.08882653143484,0.28915612335287244,2.423146846745022,47.597355769422876
0.34,-13.401718286056798,0.3145732994293879,2.5417176076515435,47.32550526573728
0.35000000000000003,-13.666984737489171,0.3411687359552812,2.6595436525893272,47.05010549875772
0.36,-13.885296166840439,0.36893497395439934,2.7766237999118175,46.77183360580575
0.37,-14.067641005011566,0.39772804823080066,2.8793074276401303,41.030652654815455
0.38,-14.217923743482359,0.427450950737523,2.9722902506722324,37.16285173394766
0.39,-14.338931800149915,0.45803654355089324,3.0585592813370233,34.486597672752886
0.4,-14.433052097350606,0.489432484373738,3.139594082284477,32.39985648016243
0.41000000000000003,-14.502412682095022,0.521594380388551,3.216189601481302,30.629309182215497
0.42,-14.54897654480862,0.554482309637248,3.2887929248697003,29.036159156406146
0.43,-14.574606161458831,0.5880588468857225,3.357653724847451,27.541702568712427
0.44,-14.581118684306546,0.6222877114391073,3.422886455338479,26.092066415175633
0.45,-14.570325312673866,0.657132829635036,3.4845118195928695,24.649936021320833
0.46,-14.544075811499832,0.692557466846543,3.5424637211506855,23.180758450574803
0.47000000000000003,-14.50401391667959,0.7285272027528001,3.5969735906257156,21.803698259353286
0.48,-14.45134914653446,0.7650139622394119,3.6486759486611753,20.680126035143353
0.49,-14.387111144197466,0.8019940128018695,3.6980050562457696,19.730033110483475
0.5,-14.312192725347556,0.8394467418539939,3.7452729052124365,18.904578896935877
0.51,-14.227377720754044,0.8773538929814333,3.790715112743934,18.173263045960024
0.52,-14.133362463518436,0.9156990376357341,3.83451446543008,17.514990927583302
0.53,-14.03076998686802,0.9544672203648298,3.876818272909569,16.91560096394288
0.54,-13.920161817123995,0.9936446926561381,3.9177472291308346,16.364469751314996
0.55,-13.802044767553111,1.0332187414009406,3.9574048744802472,15.854753935072996
0.56,-13.67687926135332,1.0731775280520799,3.9958786651139255,15.380033902767268
0.5700000000000001,-13.545086555892127,1.1135099453093822,4.033241725730239,14.934588176643535
0.58,-13.40705244471896,1.1542055255235453,4.069558021416305,14.51476179259211
0.59,-13.263132715280776,1.1952543428504399,4.104881732689452,14.11664781055606
0.6,-13.11365451209836,1.2366469667430504,4.139262389261055,13.738391388399103
0.61,-12.958920416312997,1.2783743965526986,4.1727429809648084,13.377380574873943
0.62,-12.79921054451887,1.320428015555121,4.2053619002422336,13.031779443644501
0.63,-12.634784359071093,1.3627995549587555,4.237153940363453,12.700150471301022
0.64,-12.465882204712187,1.4054810645747187,4.268150961596312,12.381321835009372
0.65,-12.29272666021752,1.4484648878984885,4.298382332376978,12.074297525165095
0.66,-12.11552485410933,1.4917436258899657,4.327873799147715,11.777628918035527
0.67,-11.934468488104352,1.5353101267315095,4.356650084154375,11.490906219306567
0.68,-11.74973535539461,1.5791574645560884,4.384733782457896,11.213277970956641
0.6900000000000001,-11.561490376009441,1.6232789206566907,4.412145610060234,10.94399171459158
0.7000000000000001,-11.3698867230437,1.6676679642106373,4.438904355394663,10.682275391286836
0.71,-11.175066464936114,1.7123182390128528,4.465027480221546,10.427597179455404
0.72,-10.977160864643864,1.7572235565336614,4.490531752080855,10.179678107368074
0.73,-10.776291806308333,1.8023778763491984,4.515431981553707,9.937733954047266
0.74,-10.572572532477187,1.847775291233474,4.539741488427545,9.701167000922675
0.75,-10.366107324757444,1.8934100273773826,4.563473614390866,9.4699846254288
0.76,-10.156992922378771,1.9392764270692724,4.586639969188969,9.243492542000252
0.77,-9.945318866836052,1.9853689393626028,4.609251229333043,9.02131605338034
0.78,-9.73116863682039,2.0316821031424523,4.631316377984954,8.802776449864282
0.79,-9.514619634583013,2.078210542426981,4.652843928452844,8.587684556762559
0.8,-9.29574265371238,2.124948972331736,4.673842990475474,8.376277724247661
0.81,-9.074604203593525,2.171892171763599,4.69431994318634,8.167462397069965
0.8200000000000001,-8.851265973042404,2.2190349818284316,4.714281006483252,7.9611738561118095
0.8300000000000001,-8.625785076805908,2.26637230266922,4.733732084078854,7.757284609119657
0.84,-8.398214484862779,2.313899087392576,4.7526784723356,7.555550731045799
0.85,-8.168604449187212,2.361610322221966,4.771123482939038,7.355177436924921
0.86,-7.937000288657367,2.409501048690717,4.789072646875091,7.157051745821859
0.87,-7.703446372246423,2.4575663204331875,4.806527174247055,6.959444387338817
0.88,-7.46798282823816,2.505801231278054,4.823491084486671,6.763478624932187
0.89,-7.230648033482969,2.554200893112162,4.839966183410777,6.568268274261512
0.9,-6.991478130129859,2.6027604350139617,4.855954190180008,6.373778167614702
0.91,-6.750506623147758,2.6514750083894216,4.87145733754598,6.180213254494019
0.92,-6.507766191424752,2.7003397658688977,4.8864757479476095,5.986728891308186
0.93,-6.263285299164959,2.7493498976924013,4.901013182350362,5.79478017249679
0.9400000000000001,-6.016979438077694,2.7985020268911693,4.915212919876799,5.660173746294213
0.9500000000000001,-5.768634490635261,2.847794880843573,4.92928539524039,5.609760170274846
0.96,-5.518122223143457,2.897226772084581,4.9431891241007895,5.542756812607322
0.97,-5.265331885641991,2.946795628430802,4.956885634622086,5.460375131863452
0.98,-5.0101733928750365,2.9964989619688422,4.970333353804045,5.361380540705174
0.99,-4.752576268493421,3.0463338717052304,4.98349097363882,5.2458847955447165
1.0,-4.497754979903426,3.0962303393563415,4.989646765111129,2.4457248479691067
1.01,-4.247805030451017,3.146135612940852,4.990527358451062,0.3366618116971987
1.02,-4.00395175758677,3.1960137985444304,4.987818560357858,-1.0978191683735332
1.03,-3.7668968106025846,3.245841332792313,4.982753424788249,-2.0389767987279774
1.04,-3.536958519676372,3.295603694945041,4.976236215272795,-2.6184301091977242
1.05,-3.3142487042811815,3.3452920718978123,4.968837695277148,-2.9696416996934962
1.06,-3.098768089986897,3.3949010385568776,4.9608966659065175,-3.185427208660921
1.07,-2.8918367557208207,3.4444097134378957,4.950867488101811,-4.0195740709773435
1.08,-2.69286241378823,3.4938163275046334,4.940661406673758,-4.089273243875064
1.09,-2.501682020238669,3.5431201429526524,4.930381544801905,-4.11784098541036
1.1,-2.3181599912959534,3.5923205044654822,4.920036151282997,-4.14321909178847
1.11,-2.142158329205202,3.6414168991132305,4.909639464774815,-4.163001022493783
1.12,-1.9735338492383165,3.6904090098923032,4.8992110779072595,-4.175035559839496
1.1300000000000001,-1.812140807858168,3.739296698903099,4.888768901079549,-4.179986787603754
1.1400000000000001,-1.6578304184520372,3.78808000633978,4.878330743668138,-4.177886914087667
1.1500000000000001,-1.5104516295005095,3.8367591387783793,4.867913243859907,-4.16919683599449
1.16,-1.3698510432249784,3.885334464712763,4.857532593438374,-4.154088116045514
1.17,-1.2358731648256374,3.9338065083006835,4.847204358792082,-4.132804482394056
1.18,-1.1083599807343796,3.982175950943436,4.836944264275233,-4.105276858502836
1.19,-0.9871531648044862,4.030443602300138,4.826765135670221,-4.072659301411608
1.2,-0.8720919255903459,4.078610416077286,4.816681377714761,-4.034315324452195
1.21,-0.7630132417790019,4.126677490578581,4.806707450129528,-3.990218506563988
1.22,-0.6597546438858573,4.174646032043032,4.796854146445125,-3.941831325049065
1.23,-0.5621507323579322,4.2225173845591355,4.787135251610291,-3.887953600502741
1.24,-0.4700355957178637,4.2702930077268455,4.777562316770956,-3.8294756327408725
1.25,-0.3832423871620036,4.317974472725862,4.7681464999016665,-3.766551807757542
1.26,-0.30160463873643933,4.365563442594654,4.758896986879169,-3.699968404189444
1.27,-0.22495670537138077,4.413061658220351,4.7498215625697275,-3.630283560134081
1.28,-0.1531343942836728,4.460470923900597,4.740926568024625,-3.558072808893547
1.29,-0.08597395513206753,4.507793113439519,4.732218953892215,-3.4830905693713348
1.3,-0.0233128622554979,4.555030160491824,4.7237047052305075,-3.405721563714972
1.31,0.035011333581525264,4.602184068003602,4.715390751177805,-3.3255868499340533
1.32,0.08900852542368447,4.649254987502406,4.707091949880434,-3.3195136982391897
1.33,0.13866484214253885,4.696242203079052,4.698721557664595,-3.3481419527683207
1.34,0.18402061603716782,4.743145442485247,4.6903239406194395,-3.3590270140928213
1.35,0.22513240118122238,4.789964834649704,4.681939216445726,-3.353867582559002
1.36,0.2620740566838148,4.836700908450217,4.67360738005124,-3.332712172856525
1.37,0.29493350130105195,4.883354550468418,4.665364201820146,-3.297250053076411
1.3800000000000001,0.32381308308213164,4.929926994496355,4.657244402793634,-3.2479004892525225
1.3900000000000001,0.34882814384097405,4.976419798703004,4.649280420664938,-3.1855764209382604
1.4000000000000001,0.37010449824084785,5.022834804862875,4.641500615987066,-3.111908376966922
1.41,0.3877800345910537,5.069174143453845,4.633933859096976,-3.0266921873729817
1.42,0.40199373952885104,5.115440095366832,4.6265951912987315,-2.935459272702682
1.43,0.4128951975240196,5.161635163963739,4.619506859690723,-2.8353271864402316
1.44,0.4211145945652212,5.207768022023371,4.613285805963237,-2.4884180093168564
1.45,0.4271135590993681,5.253847301072421,4.60792790490494,-2.1431583265012875
1.46,0.43125574548429135,5.299880406584768,4.603310551234713,-1.8469402826852275
1.47,0.433849314983789,5.3458736549486545,4.5993248363886945,-1.5942853256087055
1.48,0.4351544964603722,5.391832411224717,4.59587562760627,-1.3796832380594501
1.49,0.43539128475693817,5.437761229408998,4.592881818428022,-1.197523576815123
1.5,0.43474484573409305,5.4836639650382795,4.5902735629281795,-1.043302183933029
1.51,0.43334842362977943,5.52954359534504,4.587963030676075,-0.9242129002950951
1.52,0.43122303874095114,5.5754013979324535,4.585780258741332,-0.8731087516703958
1.53,0.42842906858957763,5.621238588184499,4.583719025204593,-0.8244933449387578
1.54,0.42502357577764555,5.667056326243661,4.5817738059161455,-0.7780875793157486
1.55,0.42106009584272575,5.712855716030073,4.579938978641193,-0.7339306949214195
1.56,0.41658895079941444,5.758637808275969,4.578209224589667,-0.6919013189897577
1.57,0.41165741931165795,5.804403603126232,4.576579485026306,-0.6518954338486707
1.58,0.40630992803953575,5.850154052895026,4.575044976879329,-0.6138027775658782
1.59,0.4005882101542481,5.895890064492084,4.573601159705787,-0.5775263013644912
1.6,0.3945313848735348,5.941612500773163,4.572243628107827,-0.5430119893439083
1.61,0.38817617591542064,5.98732218331243,4.570968253926741,-0.5101489474304302
1.62,0.3815568736460473,6.033019892444061,4.569770913163151,-0.47893551301801013
1.6300000000000001,0.374705652662725,6.078706370902038,4.568647845797724,-0.44922609479681075
1.6400000000000001,0.36765272067146954,6.124382326555059,4.567595565302085,-0.42091129677907846
1.6500000000000001,0.36042636072509354,6.170048433517174,4.566610696211469,-0.3939466936631335
1.6600000000000001,0.3530530461297546,6.215705333654753,4.565690013758013,-0.36827200659760967
1.67,0.34555753337753575,6.261353637968579,4.564830431382597,-0.3438319518227734
1.68,0.3379629510232255,6.306993927902239,4.5640289933660005,-0.32057419297443374
1.69,0.33029087942150726,6.352626756528828,4.563282862658886,-0.2984512615945291
1.7,0.32256169240845395,6.398252653016221,4.562589648739261,-0.2772845461640834
1.71,0.3147942787859247,6.443872120379144,4.561946736292245,-0.25716396325605534
1.72,0.30700619822675135,6.489485636488129,4.561351610898491,-0.23804915399535803
1.73,0.2992137509291803,6.535093655091141,4.560801860301196,-0.21989925269458724
1.74,0.291432041033879,6.580696606774771,4.560295168363025,-0.20267581089911227
1.75,0.28367503277657463,6.626294899827002,4.55982930522303,-0.18634431740305593
1.76,0.27595559682867554,6.671888920956158,4.5594021129155555,-0.17087601346379297
1.77,0.26828550586348315,6.717479035334104,4.559011437794596,-0.15626917062541232
1.78,0.26067560743214285,6.763065588661795,4.558655332769173,-0.14244116630911813
1.79,0.25313584188598454,6.808648907965262,4.5583319303467045,-0.1293601606462909
1.8,0.2456752856524816,6.854229302298242,4.558039433297951,-0.11699804783052502
1.81,0.23830220544313682,6.899807063561103,4.557776126286117,-0.10532207046046332
1.82,0.23102410046509878,6.945382467216244,4.55754036551412,-0.09430361226885638
1.83,0.22384774439280453,6.990955772974469,4.557330575822515,-0.08391521786287212
1.84,0.2167792256128484,7.036527225457959,4.557145248349061,-0.07413036806561932
1.85,0.20982398433750882,7.08209705482356,4.556982936560073,-0.06492413119590679
1.86,0.2029868504961944,7.127665477389822,4.556842256626252,-0.056271425281006045
1.87,0.1962720803568271,7.173232696256036,4.556721886621449,-0.04814748887669265
1.8800000000000001,0.18968338950741215,7.218798901879046,4.556620562300901,-0.04052924927543041
1.8900000000000001,0.1832239849699062,7.264364272631027,4.556537075198091,-0.033394395057484455
1.9000000000000001,0.17689659591073403,7.309928975338858,4.556470270783142,-0.026721351472288216
1.9100000000000001,0.17070350258838105,7.3554931658004,4.556419046154248,-0.02048946721934545
1.92,0.16464658467906812,7.401056989542302,4.556382374190204,-0.014668430011630663
1.93,0.15872734709079994,7.446620582378843,4.556359283654088,-0.009235886106958397
1.94,0.15294680084968268,7.492184069081735,4.556348670289217,-0.004245043398917009
1.95,0.14730573277373352,7.537747566327315,4.556349724558041,0.00042198577095466436
1.96,0.1418046176486,7.583311182564205,4.5563616236889795,0.004759907769128386
1.97,0.13644361452148612,7.628875017918849,4.556383535464438,0.008764944163212855
1.98,0.13122260244317532,7.674439164614559,4.5564146695709535,0.012453856570367084
1.99,0.12614120093147912,7.720003707372118,4.5564542757559146,0.015842669290782305
2.0,0.12119878940193649,7.765568723794075,4.556501642195719,0.018946753879645693
2.0100000000000002,0.11639452580603216,7.811134284736232,4.55655609421569,0.021780969855114005
2.02,0.11172736432788166,7.856700454665417,4.556616992918563,0.02435962812643905
2.0300000000000002,0.10719607220405114,7.902267292003861,4.556683733844364,0.026696503551407486
2.04,0.10279924569755353,7.947834849460473,4.556755745661195,0.02880484730072164
2.05,0.09853532525614146,7.993403174349338,4.556832488886551,0.030697399071783385
2.06,0.0944026102002737,8.038972308899712,4.556913455037347,0.03238655857230334
2.07,0.09039927246346231,8.08454229055276,4.5569981653047265,0.033884195433001654
2.08,0.08652336882105273,8.130113152236204,4.5570861683444575,0.035201295445766896
2.09,0.08277285324825068,8.175684922634481,4.557177039827724,0.0363486647195141
2.1,0.07914558841675999,8.22125762644764,4.557270381315821,0.0373366592439775
2.11,0.07563935654188528,8.266831284639279,4.557365819163916,0.03817519651410193
2.12,0.07225186960494413,8.312405914673818,4.557463003453804,0.038873767130077584
2.13,0.06898077897524335,8.357981530743373,4.557561606955599,0.03944144637128419
2.14,0.06582368445529793,8.403558143984556,4.557661324118288,0.03988690573984135
2.15,0.06277814277240862,8.449135762685447,4.557761870089043,0.04021842446724284
2.16,0.059841675539157056,8.49471439248306,4.557862979761196,0.04044390097587779
2.17,0.057011776760441675,8.540294036552268,4.557964406920826,0.04057089232591761
2.18,0.054285920384849716,8.585874695792722,4.558065924045391,0.04060687503349404
2.19,0.051661565853628875,8.631456368990033,4.558167319731127,0.04055829657576982
2.2,0.0491361644020685,8.677039052978007,4.558268398797325,0.04043164614381938
2.21,0.04670716468586796,8.722622742792767,4.558368981475996,0.040233088796859696
2.22,0.04437201800074221,8.768207431819055,4.558468902628764,0.03996847635326591
2.23,0.042128172527948024,8.813793111795524,4.558567997646837,0.039638020622309304
2.24,0.03997306802364118,8.859379772778697,4.558666098317296,0.0392402799307223
2.25,0.037904172371598426,8.904967403620969,4.558763084227282,0.03879437428143524
2.2600000000000002,0.03591897573055897,8.9505559920849,4.558858846393108,0.03830487532503813
2.27,0.03401499381074696,8.99614552495112,4.5589532866220415,0.037776099424666025
2.2800000000000002,0.032189770857128416,9.041735988120108,4.559046316898868,0.03721211757347669
2.29,0.030440882438886437,9.087327366709136,4.559137858902898,0.03661680756596936
2.3000000000000003,0.028765937776827517,9.132919645141408,4.559227843227186,0.035993734887355314
2.31,0.02716258526931606,9.178512807272512,4.559316213110346,0.03534795774924206
2.32,0.025628536367051813,9.224106836760129,4.559402948761639,0.034694264400118316
2.33,0.024161530011282746,9.269701716764759,4.559488000463044,0.03402068391741559
2.34,0.022759344250659976,9.315297430022042,4.559571325728294,0.033330108994646765
2.35,0.021419797705545564,9.360893958910447,4.559652888840529,0.03262524738617681
2.36,0.020140750841468574,9.406491285514551,4.559732660410476,0.03190863012066511
2.37,0.01892010706321663,9.452089391684098,4.559810616954616,0.031182619492975787
2.38,0.01775581364059498,9.497688259089026,4.5598867404927645,0.03044941683207152
2.39,0.01664586247643804,9.54328786927067,4.559961018164513,0.02971107004304835
2.4,0.015588290757194699,9.588888203689692,4.560033441901991,0.02896949613684077
2.41,0.014581181528276288,9.63448924377143,4.5601040081739095,0.028226509741761885
2.42,0.01362266385305068,9.680090970944658,4.560172717322764,0.027483660368755672
2.43,0.012710913103098617,9.725693366679225,4.560239573456765,0.02674245430033835
2.44,0.01184415108274712,9.771296412520744,4.560304584151909,0.0260042786492968
2.45,0.011020646050385314,9.81690009012244,4.560367760169517,0.025270407541427918
2.46,0.010238712644272369,9.862504381274327,4.560429115188663,0.024542008077491198
2.47,0.009496711720177308,9.908109267929857,4.5604886655529775,0.023820146076892708
2.48,0.008793050107831176,9.95371473223017,4.560546430031259,0.023105791606034168
2.49,0.0081261802928235,9.999320756526084,4.560602429591384,0.02239982429458414
2.5,0.007494600030237098,10.044927323397953,4.5606566871869845,0.021703038443258917
2.5100000000000002,0.006896851895988399,10.090534415673517,4.560709227556382,0.021016147926976796
2.52,0.00633152278152432,10.13614201644385,4.560760077033279,0.0203397908974859
2.5300000000000002,0.005797243337221402,10.181750109077537,4.560809263368718,0.019674534289794803
2.54,0.005292687369538535,10.227358677233175,4.560856815563827,0.019020878136928494
2.5500000000000003,0.004816571196690676,10.272967704870304,4.560902763712882,0.01837925969764259
2.56,0.004367652967337943,10.318577176258867,4.560947138856233,0.017750057401935016
2.57,0.003944731946521689,10.364187075987292,4.560989972842656,0.01713359461921551
2.58,0.003546647772826917,10.409797388969299,4.561031298200692,0.016530143254147714
2.59,0.0031722796905082435,10.455408100449484,4.56107114801855,0.01593992717518942
2.6,0.002820545760084525,10.501019196007805,4.56110955583219,0.015363125480912138
2.61,0.002490402050684984,10.546630661563016,4.561146555521164,0.01479987560920673
2.62,0.002180841817217029,10.592242483375134,4.561182181211862,0.01425027629448298
2.63,0.0018908946652226978,10.637854648047012,4.561216467187777,0.01371439037793494
2.64,0.0016196257060965974,10.683467142525076,4.5612494478064445,0.013192247475963037
2.65,0.001366134705153096,10.729079954099303,4.561281157422707,0.012683846511752604
2.66,0.0011295552248541006,10.774693070402483,4.561311630317982,0.012189158114994056
2.67,0.0009090537653408167,10.820306479408835,4.5613409006352095,0.011708126894648587
2.68,0.0007038289042530991,10.865920169432027,4.561369002319177,0.011240673589579638
2.69,0.0005131104376682897,10.911534129122646,4.561395969061927,0.010786697101844649
2.7,0.00033615852384728155,10.957148347465177,4.561421834252967,0.010346076417263745
2.71,0.0001722628313389517,11.002762813774517,4.561446630934011,0.009918672417876685
2.72,2.0741692864644788e-05,11.048377517692098,4.561470391757987,0.009504329590740221
2.73,-0.00011905873371812532,11.093992449181618,4.5614931489520805,0.009102877637442264
2.74,-0.0002470446846723861,11.139607607607884,4.56151584262659,0.00907746980370131
2.75,-0.00036333971878299207,11.185222992594671,4.561538498678725,0.009062420853740661
2.7600000000000002,-0.00046817022316603325,11.230838602423217,4.561560982854684,0.008993670383342586
2.77,-0.0005618140125506374,11.276454434149471,4.561583172625388,0.008875908281348375
2.7800000000000002,-0.0006445945546089451,11.322070483719425,4.561604956995404,0.00871374800578166
2.79,-0.0007168753782193242,11.367686746082,4.561626236257457,0.008511704820825087
2.8000000000000003,-0.0007790546838879491,11.413303215298983,4.561646921698304,0.008274176338604843
2.81,-0.0008315601728248939,11.458919884651598,4.5616669352615595,0.00800542530187089
2.82,-0.0008748441085564053,11.504536746743327,4.5616862091728985,0.0077095645354402715
2.83,-0.000909378622461725,11.550153793598655,4.561704685532867,0.0073905439870044255
2.84,-0.0009356512722560356,11.595771016757478,4.561722315882296,0.007052139771669763
2.85,-0.0009549879437631124,11.641388396939412,4.561738018193416,0.006280924447931862
2.86,-0.0009688479032674347,11.687005909504455,4.561751256504273,0.0052953243429479
2.87,-0.000978207293713209,11.732623534061743,4.561762455728696,0.004479689769221198
2.88,-0.0009838724002886727,11.778241253732087,4.561771967034492,0.0038045223180406037
2.89,-0.0009865091540547809,11.823859054538495,4.561780080640783,0.0032454425162073415
2.9,-0.000986667513532861,11.869476924902465,4.561787036396882,0.002782302439661277
2.91,-0.0009848016128101,11.91509485522773,4.561793032526533,0.0023984518605055694
2.92,-0.0009811711565311913,11.96071283900908,4.56179837813496,0.0021382433708294103
2.93,-0.0009758385229984062,12.006330873240328,4.561803423124878,0.002017995966995831
2.94,-0.0009689466777015968,12.051948955046752,4.561808180642429,0.0019030070204364702
2.95,-0.0009606306358281732,12.097567081680689,4.56181266339356,0.001793100452401653
2.96,-0.000951017806898847,12.143185250517215,4.5618168836525905,0.0016881036120700418
2.97,-0.0009402283279837217,12.188803459049925,4.561820853270982,0.0015878473563781872
2.98,-0.0009283753857155283,12.234421704886788,4.561824583686274,0.0014921661167995694
2.99,-0.0009155655273222764,12.2800399857461,4.561828085931159,0.0014008979539529439
3.0,-0.0009018989609062581,12.325658299452527,4.561831370642661,0.0013138846008354827
3.0100000000000002,-0.0008874698452001682,12.371276643933241,4.5618344480714,0.001230971495485692
3.02,-0.0008723665690342062,12.41689501721415,4.561837328090909,0.0011520078037990616
3.0300000000000002,-0.000856672020750418,12.46251341741622,4.561840020206992,0.001076846433222493
3.04,-0.0008404638478023139,12.508131842751892,4.561842533567087,0.001005344037968795
3.0500000000000003,-0.0008238147067789406,12.553750291521588,4.561844876969628,0.0009373610164078834
3.06,-0.0008067925040931843,12.599368762110322,4.561847058873381,0.0008727615012329278
3.0700000000000003,-0.0007894606275741725,12.64498725298439,4.561849087406738,0.0008114133429617465
3.08,-0.0007718781692032412,12.69060576268816,4.561850970376956,0.0007531880873285629
3.09,-0.0007541001392320991,12.736224289840953,4.561852715279324,0.0006979609470645825
3.1,-0.0007361776719205936,12.781842833134016,4.561854329306245,0.0006456107685560599
3.11,-0.0007181582231298481,12.827461391327578,4.5618558193562295,0.0005960199938418581
3.12,-0.0007000857600046081,12.873079963248006,4.561857192042775,0.0005490746183730686
3.13,-0.0006820009429763532,12.918698547785038,4.561858453703137,0.0005046641449478311
3.14,-0.0006639413003162067,12.964317143889108,4.561859610406973,0.00046268153419728
3.15,-0.0006459413954638433,13.009935750568756,4.5618606679648535,0.0004230231519967936
3.16,-0.0006280329873555747,13.055554366888122,4.5618616319366385,0.00038558871413353396
3.17,-0.0006102451839715582,13.10117299196452,4.5618625076397095,0.0003502812285426198
3.18,-0.0005926045893186173,13.14679162496609,4.561863300157048,0.0003170069354329199
3.19,-0.0005751354440615958,13.192410265109542,4.561864014345162,0.00028567524556196664
3.2,-0.0005578597600124038,13.238028911657961,4.561864654841854,0.00025619867693764343
3.21,-0.000540797448682067,13.2836475639187,4.56186522607383,0.00022849279018278992
3.22,-0.0005239664440970925,13.329266221241342,4.561865732264137,0.00020247612280604503
3.23,-0.0005073828200773998,13.374884883015737,4.561866177439444,0.00017807012258433676
3.24,-0.0004910609021689322,13.420503548670109,4.561866565437144,0.00015519908025226213
3.25,-0.00047501337441981263,13.466122217669232,4.561866899912299,0.00013379006170707863
3.2600000000000002,-0.00045925138118468325,13.511740889512676,4.561867184344399,0.00011377283987229268
3.27,-0.00044378462413752597,13.557359563733117,4.561867422043965,9.507982640995265e-05
3.2800000000000002,-0.0004286214546689557,13.602978239894707,4.561867616158973,7.76460034073458e-05
3.29,-0.00041376896183960895,13.648596917591519,4.561867769681111,6.140885519085917e-05
3.3000000000000003,-0.00039923305605691343,13.694215596446037,4.561867885451862,4.6308300381266984e-05
3.31,-0.0003850185486381473,13.739834276107722,4.561867966168423,3.228662432172389e-05
3.3200000000000003,-0.0003711292274183689,13.785452956251616,4.561868014389453,1.9288411971671694e-05
3.33,-0.00035756792855746365,13.831071636577022,4.561868032540656,7.260481372760157e-06
3.34,-0.00034433660469626175,13.876690316806224,4.5618680229202,-3.848182230194542e-06
3.35,-0.00033143638960740374,13.922308996683263,4.561867987703971,-1.4086491524603273e-05
3.36,-0.00031886765948240626,13.96792767597277,4.561867928950668,-2.350132145588349e-05
3.37,-0.0003066300909921887,14.013546354458837,4.561867848606736,-3.2137572671182374e-05
3.38,-0.000294722716254191,14.059165031943948,4.561867748511151,-4.0038234028989315e-05
3.39,-0.00028314397483511744,14.104783708247949,4.561867630400041,-4.724444411339367e-05
3.4,-0.00027189176291431795,14.15040238320706,4.561867495911161,-5.379555171214848e-05
3.41,-0.00026096347972885334,14.196021056672942,4.561867346588223,-5.972917521626465e-05
3.42,-0.00025035607141738343,14.241639728511792,4.561867183885071,-6.50812609047132e-05
3.43,-0.0002400660723761804,14.28725839860349,4.56186700916972,-6.988614008230735e-05
3.44,-0.00023008964423679404,14.332877066840773,4.561866823728258,-7.417658504151551e-05
3.45,-0.00022042261257122238,14.378495733128458,4.561866628768598,-7.7983863841213e-05
3.46,-0.00021106050142678714,14.4241143973827,4.561866425424114,-8.133779386120058e-05
3.47,-0.00020199856578938808,14.469733059530272,4.561866214757129,-8.426679413861863e-05
3.48,-0.00019323182207033054,14.515351719507894,4.561865997762288,-8.67979364668633e-05
3.49,-0.00018475507670852724,14.560970377261592,4.5618657753697995,-8.895699525123594e-05
3.5,-0.00017656295297654556,14.606589032746077,4.5618655484485595,-9.076849611097951e-05
3.5100000000000002,-0.0001686499160757641,14.65220768592417,4.5618653178091515,-9.225576324509912e-05
3.52,-0.00016101029660270922,14.697826336766237,4.561865084206738,-9.344096553837598e-05
3.5300000000000002,-0.00015363831246558327,14.743444985249676,4.561864848343834,-9.434516142903028e-05
3.54,-0.00014652808932699848,14.789063631358406,4.561864610872978,-9.49883425421758e-05
3.5500000000000003,-0.00013967367964598848,14.834682275082399,4.561864372399287,-9.538947608318084e-05
3.56,-0.00013306908038954909,14.880300916417228,4.561864133482922,-9.55665460187231e-05
3.5700000000000003,-0.00012670824948119664,14.925919555363643,4.56186389464144,-9.553659305146617e-05
3.58,-0.0001205851210513262,14.971538191927165,4.561863656352056,-9.531575338927068e-05
3.59,-0.00011469361955156822,15.017156826117702,4.561863419053815,-9.491929634216305e-05
3.6,-0.00010902767279279527,15.062775457949199,4.561863183149663,-9.436166074841699e-05
3.61,-0.00010358122396398804,15.108394087439283,4.561862949008438,-9.365649025658685e-05
3.62,-9.834824268677737e-05,15.154012714608951,4.561862716966769,-9.281666747212175e-05
3.63,-9.332273515817945e-05,15.199631339482261,4.5618624873309015,-9.185434699357206e-05
3.64,-8.849875343181407e-05,15.245249962086046,4.561862260378433,-9.078098735975566e-05
3.65,-8.387040388571923e-05,15.290868582449646,4.561862036359979,-8.960738191832563e-05
3.66,-7.943185492279778e-05,15.336487200604653,4.561861815500757,-8.834368864757281e-05
3.67,-7.5177343947903e-05,15.382105816584675,4.5618615980021096,-8.699945894599897e-05
3.68,-7.110118366361453e-05,15.427724430425105,4.561861384042946,-8.558366541193373e-05
3.69,-6.719776772488295e-05,15.473343042162917,4.561861173781125,-8.4104728643662e-05
3.7,-6.346157579087456e-05,15.518961651836465,4.561860967354767,-8.257054306503765e-05
3.71,-5.988717801061788e-05,15.5645802594853,4.561860764883512,-8.09885018207065e-05
3.72,-5.6469238977330584e-05,15.610198865149997,4.5618605664697105,-7.936552074227372e-05
3.73,-5.320252118469347e-05,15.655817468871993,4.561860372199557,-7.770806142680884e-05
3.74,-5.008188801675255e-05,15.701436070693434,4.561860182144173,-7.602215343949468e-05
3.75,-4.710230630160906e-05,15.747054670657041,4.561859996360634,-7.431341566315211e-05
3.7600000000000002,-4.425884845761503e-05,15.79267326880597,4.561859814892942,-7.258707682829855e-05
3.77,-4.154669425936613e-05,15.838291865183699,4.561859637772954,-7.084799523054238e-05
3.7800000000000002,-3.8961132249439205e-05,15.883910459833912,4.56185946502126,-6.910067766669756e-05
3.79,-3.649756082054246e-05,15.929529052800392,4.561859296648016,-6.734929762100362e-05
3.8000000000000003,-3.4151488991463714e-05,15.97514764412693,4.561859132653733,-6.559771269960822e-05
3.81,-3.191853689904012e-05,16.02076623385723,4.56185897303003,-6.38494813629082e-05
3.8200000000000003,-2.9794436027188127e-05,16.066384822034834,4.561858817760332,-6.210787895117701e-05
3.83,-2.7775029192967956e-05,16.11200340870304,4.56185866682055,-6.037591305307712e-05
3.84,-2.585627030855917e-05,16.157621993904836,4.561858520179705,-5.8656338207935814e-05
3.85,-2.4034223937042328e-05,16.20324057768284,4.5618583778005295,-5.695166998910895e-05
3.86,-2.2305064658884967e-05,16.248859160079242,4.561858239640033,-5.526419846841751e-05
3.87,-2.0665076265128425e-05,16.294477741135744,4.56185810565003,-5.3596001102155686e-05
3.88,-1.911065079234742e-05,16.34009632089352,4.5618579757776425,-5.194895503365006e-05
3.89,-1.7638287413628876e-05,16.385714899393175,4.5618578499657705,-5.0324748853781205e-05
3.9,-1.6244591198996438e-05,16.43133347667471,4.5618577281535355,-4.872489382992576e-05
3.91,-1.4926271757921968e-05,16.476952052777477,4.561857610276699,-4.715073461833073e-05
3.92,-1.368014177582015e-05,16.52257062774016,4.5618574962680505,-4.5603459479483545e-05
3.93,-1.2503115455732321e-05,16.568189201600735,4.561857386057776,-4.408411002560256e-05
3.94,-1.1392206875705321e-05,16.613807774396474,4.5618572795737995,-4.2593590499784456e-05
3.95,-1.0344528271728212e-05,16.659426346163894,4.561857176742108,-4.113267661092692e-05
3.96,-9.357288255493595e-06,16.705044916938764,4.561857077487048,-3.970202395173222e-05
3.97,-8.427789975645956e-06,16.75066348675608,4.561856981731608,-3.830217600069575e-05
3.98,-7.5534292306128825e-06,16.796282055650057,4.561856889397679,-3.6933571723551145e-05
3.99,-6.731692540610202e-06,16.84190062365412,4.5618568004062965,-3.5596552806941366e-05
4.0,-5.960155185885118e-06,16.887519190800898,4.56185671467787,-3.4291370520669675e-05
4.01,-5.236479217785284e-06,16.93313775712222,4.56185663213239,-3.3018192229921056e-05
4.0200000000000005,-4.558411448789025e-06,16.97875632264912,4.561856552689621,-3.177710757338237e-05
4.03,-3.923781427195474e-06,17.024374887411813,4.561856476269285,-3.0568134318183044e-05
4.04,-3.330499401761918e-06,17.069993451439725,4.561856402791225,-2.9391223905309333e-05
4.05,-2.7765542811830784e-06,17.11561201476148,4.561856332175558,-2.8246266697324917e-05
4.0600000000000005,-2.2600115929471667e-06,17.16123057740491,4.561856264342816,-2.713309694660369e-05
4.07,-1.779011445736337e-06,17.20684913939705,4.5618561992140725,-2.605149748452792e-05
4.08,-1.3317664992213964e-06,17.25246770076416,4.561856136711062,-2.5001204154865342e-05
4.09,-9.16559944786136e-07,17.298086261531722,4.561856076756286,-2.3981909999062208e-05
4.1,-5.317435004109627e-07,17.343704821724454,4.5618560192731135,-2.2993269198913295e-05
4.11,-1.757354226751073e-07,17.389323381366314,4.561855964185861,-2.2034900794815953e-05
4.12,1.529814614332873e-07,17.434941940480513,4.561855911419881,-2.1106392184614348e-05
4.13,4.54934917742161e-07,17.480560499077846,4.561855859733401,-2.067459203220868e-05
4.14,7.300722893107916e-07,17.526179057157957,4.561855808011104,-2.0688919159766795e-05
4.15,9.788625286440306e-07,17.57179761472365,4.561855756569341,-2.057670517569286e-05
4.16,1.201896918832447e-06,17.617416171780626,4.5618557056975595,-2.0348712581522027e-05
4.17,1.3998757428114923e-06,17.663034728337212,4.56185565565869,-2.0015548112261403e-05
4.18,1.5735953540852659e-06,17.708653284404107,4.5618556066896625,-1.958761086751626e-05
4.19,1.723935695316765e-06,17.75427183999413,4.561855559002048,-1.9075045816159043e-05
4.2,1.8518483047345509e-06,17.799890395121956,4.561855512782792,-1.8487702560294508e-05
4.21,1.9583448441943136e-06,17.845508949803907,4.561855468195044,-1.7835099165525402e-05
4.22,2.0444861768611605e-06,17.8911275040577,4.561855425379067,-1.7126390886829003e-05
4.23,2.1113720169236767e-06,17.93674605790223,4.5618553844532075,-1.6370343584304695e-05
4.24,2.160744240446857e-06,17.982364611365107,4.561855346287715,-1.526619692185705e-05
4.25,2.1966920326660093e-06,18.02798316450661,4.561855314150483,-1.2854893147683446e-05
4.26,2.2216046232707405e-06,18.073601717376622,4.561855287000972,-1.085980449914046e-05
4.2700000000000005,2.237455394713572e-06,18.119220270016417,4.561855263979383,-9.208635530368202e-06
4.28,2.245874154117986e-06,18.16483882246017,4.5618552443752485,-7.841653607873325e-06
4.29,2.2482068459951156e-06,18.210457374736183,4.561855227601484,-6.709505802633361e-06
4.3,2.245564888229411e-06,18.25607592686791,4.561855213172946,-5.771415165423459e-06
4.3100000000000005,2.2388659345813735e-06,18.301694478874797,4.56185520068872,-4.993690426311349e-06
4.32,2.2281674886645616e-06,18.34731303076415,4.5618551889350405,-4.7014717637011095e-06
4.33,2.2137935307697657e-06,18.392931582542627,4.5618551778477485,-4.434916925392778e-06
4.34,2.1960585616429975e-06,18.4385501342166,4.561855167397517,-4.1800926912817145e-06
4.3500000000000005,2.1752594561708305e-06,18.484168685792163,4.561855157556008,-3.936603459048063e-06
4.36,2.151676231748285e-06,18.529787237275123,4.561855148295854,-3.7040614232540215e-06
4.37,2.125572791073415e-06,18.57540578867103,4.561855139590637,-3.482086752856563e-06
4.38,2.097197639842555e-06,18.62102433998518,4.561855131414868,-3.27030774459573e-06
4.39,2.0667845798530565e-06,18.66664289122262,4.561855123743966,-3.068360940423192e-06
4.4,2.0345533780268887e-06,18.71226144238816,4.561855116554238,-2.875891218530204e-06
4.41,2.0007104118493326e-06,18.75787999348639,4.561855109822858,-2.6925518743622074e-06
4.42,1.965449291777716e-06,18.80349854452167,4.561855103527846,-2.5180046570245632e-06
4.43,1.9289514611268577e-06,18.84911709549815,4.5618550976480465,-2.351919804778829e-06
4.44,1.891386773982123e-06,18.894735646419782,4.561855092163106,-2.1939760477653003e-06
4.45,1.8529140516668495e-06,18.94035419729032,4.561855087053455,-2.043860602077504e-06
4.46,1.8136816183093228e-06,18.985972748113323,4.561855082300282,-1.9012691419877042e-06
4.47,1.7738278160602128e-06,19.031591298892177,4.561855077885517,-1.7659057525993658e-06
4.48,1.7334815004675974e-06,19.077209849630094,4.5618550737918095,-1.6374828888730923e-06
4.49,1.6927625165826508e-06,19.122828400330118,4.5618550700025065,-1.5157212945952908e-06
4.5,1.6517821563145676e-06,19.168446950995133,4.561855066501631,-1.4003499268097984e-06
4.51,1.6106435975591143e-06,19.21406550162787,4.561855063273867,-1.2911058706907407e-06
4.5200000000000005,1.5694423256441614e-06,19.259684052230917,4.561855060304531,-1.1877342334764978e-06
4.53,1.528266537601424e-06,19.305302602806712,4.56185505757956,-1.0899880406800927e-06
4.54,1.4871975297778765e-06,19.350921153357568,4.5618550550854895,-9.976281231958893e-07
4.55,1.4463100693110566e-06,19.39653970388566,4.561855052809432,-9.104229884745256e-07
4.5600000000000005,1.4056727499585178e-06,19.442158254393053,4.5618550507390605,-8.28148696250182e-07
4.57,1.3653483327806398e-06,19.48777680488168,4.561855048862589,-7.505887242536597e-07
4.58,1.3253940721567934e-06,19.533395355353367,4.561855047168755,-6.775338334705074e-07
4.59,1.2858620276312897e-06,19.579013905809834,4.5618550456468,-6.087819183776768e-07
4.6000000000000005,1.2467993620431486e-06,19.624632456252698,4.561855044286455,-5.441378671948448e-07
4.61,1.208248626401673e-06,19.670251006683475,4.561855043077921,-4.834134153078747e-07
4.62,1.170248031975181e-06,19.715869557103595,4.561855042011854,-4.2642698776757127e-07
4.63,1.1328317100254072e-06,19.76148810751439,4.561855041079345,-3.7300354998223304e-07
4.64,1.0960299596217418e-06,19.807106657917107,4.561855040271909,-3.229744547687137e-07
4.65,1.0598694839555662e-06,19.852725208312922,4.561855039581466,-2.761772898588012e-07
4.66,1.0243736155857936e-06,19.898343758702925,4.561855039000326,-2.3245571493603284e-07
4.67,9.895625310046938e-07,19.943962309088135,4.561855038521178,-1.9165931141828414e-07
4.68,9.554534549210504e-07,19.989580859469505,4.561855038137069,-1.536434276884077e-07
4.69,9.220608546518732e-07,20.03519940984792,4.561855037841396,-1.1826902113852317e-07
4.7,8.893966249966883e-07,20.0808179602242,4.56185503762789,-8.540250340078912e-08
4.71,8.574702639548719e-07,20.126436510599106,4.5618550374906,-5.491558921985227e-08
4.72,8.262890396470829e-07,20.172055060973346,4.5618550374238875,-2.668514213892294e-08
4.73,7.958581487793153e-07,20.21767361134757,4.561855037422405,-5.930265587320595e-10
4.74,7.661808669956324e-07,20.263292161722383,4.561855037481091,2.3474045665912647e-08
4.75,7.372586914358827e-07,20.308910712098335,4.561855037595152,4.5624659070279224e-08
4.76,7.090914758231443e-07,20.354529262475936,4.5618550377600595,6.596284297586863e-08
4.7700000000000005,6.816775583824631e-07,20.40014781285565,4.56185503797153,8.458821305850688e-08
4.78,6.550138828897224e-07,20.445766363237905,4.561855038225521,1.01596112461217e-07
4.79,6.290961131463951e-07,20.491384913623087,4.561855038518216,1.1707775427268592e-07
4.8,6.039187411421354e-07,20.537003464011548,4.561855038846017,1.3112035034963156e-07
4.8100000000000005,5.794751891976769e-07,20.582622014403604,4.561855039205534,1.4380725379524964e-07
4.82,5.5575790633637e-07,20.62824056479954,4.5618550395935795,1.5521808641595655e-07
4.83,5.327584591375096e-07,20.673859115199612,4.561855040007152,1.6542886617812723e-07
4.84,5.104676173206246e-07,20.719477665604046,4.561855040443432,1.745121351200332e-07
4.8500000000000005,4.888754342950145e-07,20.765096216013045,4.561855040899775,1.825370822565459e-07
4.86,4.6797132290225966e-07,20.810714766426784,4.561855041373699,1.8956966375262175e-07
4.87,4.4774412657518047e-07,20.85633331684541,4.561855041862881,1.95672722186382e-07
4.88,4.281821861170293e-07,20.901951867269062,4.561855042365146,2.0090609761854017e-07
4.89,4.0927340231616883e-07,20.947570417697847,4.561855042878462,2.0532674366906393e-07
4.9,3.910052945873581e-07,20.993188968131857,4.561855043400934,2.089888349449837e-07
4.91,3.733650558257521e-07,21.038807518571165,4.561855043930794,2.119438708265799e-07
4.92,3.563396036678089e-07,21.08442606901583,4.5618550444663954,2.142407838056035e-07
4.93,3.3991562832455964e-07,21.13004461946589,4.561855045006211,2.159260364434258e-07
4.94,3.240796371617007e-07,21.17566316992138,4.56185504554882,2.1704372060520714e-07
4.95,3.0881799618486427e-07,21.221281720382308,4.5618550460929095,2.1763565077643045e-07
4.96,2.941169685959231e-07,21.26690027084868,4.561855046637263,2.1774146056586017e-07
4.97,2.799627505526139e-07,21.312518821320488,4.56185504718076,2.1739868464200962e-07
4.98,2.663415042934914e-07,21.35813737179771,4.561855047722367,2.1664285204968715e-07
4.99,2.5323938876052856e-07,21.40375592228032,4.561855048261136,2.1550756951208038e-07
5.0,2.406425878488711e-07,21.449374472768284,4.561855048796198,2.1402460109122118e-07
5.01,2.2853733640635093e-07,21.49499302326155,4.561855049326757,2.1222394420683006e-07
5.0200000000000005,2.1690994411842678e-07,21.54061157376007,4.561855049852092,2.101339120280063e-07
5.03,2.057468173819743e-07,21.586230124263786,4.561855050371545,2.0778120266403541e-07
5.04,1.9503447929184392e-07,21.63184867477263,4.561855050884522,2.0519097518324442e-07
5.05,1.8475958783265722e-07,21.677467225286534,4.56185505139049,2.0238691288617743e-07
5.0600000000000005,1.7490895238509062e-07,21.723085775805423,4.561855051888968,1.9939129158600636e-07
5.07,1.6546954864749315e-07,21.768704326329217,4.5618550523795305,1.9622504606813412e-07
5.08,1.5642853205905932e-07,21.814322876857837,4.5618550528618,1.9290782926655135e-07
5.09,1.477732498223968e-07,21.859941427391192,4.561855053335445,1.8945807553702398e-07
5.1000000000000005,1.394912515995385e-07,21.905559977929194,4.561855053800177,1.858930539158169e-07
5.11,1.3157029896812118e-07,21.95117852847175,4.56185505425575,1.8222892502004422e-07
5.12,1.239983737191595e-07,21.99679707901877,4.561855054701952,1.7848079703761557e-07
5.13,1.1676368505666703e-07,22.042415629570154,4.561855055138609,1.7466277124751607e-07
5.14,1.0985467578970889e-07,22.08803418012581,4.561855055565578,1.707879998305688e-07
5.15,1.0326002756055451e-07,22.133652730685636,4.56185505598275,1.668687245616733e-07
5.16,9.696866518966507e-08,22.179271281249537,4.5618550563900415,1.6291632824772995e-07
5.17,9.096976018919905e-08,22.22488983181741,4.561855056787395,1.589413761510995e-07
5.18,8.525273350893012e-08,22.27050838238916,4.561855057174779,1.5495366059948562e-07
5.19,7.980725755583783e-08,22.316126932964682,4.561855057552185,1.5096223558135236e-07
5.2,7.462325755627981e-08,22.361745483543878,4.561855057919623,1.46975462266215e-07
5.21,6.969091229929867e-08,22.407364034126648,4.561855058277126,1.430010431448571e-07
5.22,6.50006543074996e-08,22.452982584712895,4.561855058624741,1.390460566247515e-07
5.23,6.054316948113641e-08,22.498601135302522,4.561855058962534,1.3511699162548227e-07
5.24,5.630939625878245e-08,22.544219685895428,4.5618550592905835,1.3121978126376133e-07
5.25,5.2290524333632456e-08,22.589838236491516,4.561855059608983,1.273598342624314e-07
5.26,4.847799296018448e-08,22.635456787090696,4.561855059917838,1.23542063628251e-07
5.2700000000000005,4.486348888569616e-08,22.681075337692867,4.561855060217265,1.1977091441927435e-07
5.28,4.143894394560129e-08,22.72669388829794,4.5618550605073915,1.1605039378824701e-07
5.29,3.8196532347642363e-08,22.772312438905825,4.561855060788352,1.1238409465315964e-07
5.3,3.512866767612553e-08,22.817930989516427,4.56185506106029,1.0877522073341164e-07
5.3100000000000005,3.2227999645659644e-08,22.86354954012966,4.561855061323357,1.052266111307717e-07
5.32,2.9487410630217497e-08,22.90916809074544,4.561855061577709,1.0174076308952725e-07
5.33,2.6900011989855076e-08,22.954786641363675,4.5618550618235085,9.831985248061874e-08
5.34,2.445914021875652e-08,23.000405191984285,4.561855062060923,9.496575428577441e-08
5.3500000000000005,2.2158352942635374e-08,23.046023742607186,4.561855062290123,9.168006535766041e-08
5.36,1.9991424772032484e-08,23.0916422932323,4.561855062511283,8.846411716556478e-08
5.37,1.7952343039891977e-08,23.137260843859547,4.561855062724581,8.531899627953293e-08
5.38,1.6035303448394296e-08,23.18287939448885,4.561855062930195,8.224556576490916e-08
5.39,1.4234705624074113e-08,23.228497945120132,4.561855063128306,7.924447383119423e-08
5.4,1.2545148604844067e-08,23.274116495753322,4.561855063319096,7.631617067455706e-08
5.41,1.0961426280688891e-08,23.31973504638835,4.561855063502748,7.346092714115865e-08
5.42,9.478522792307943e-09,23.365353597025145,4.561855063679445,7.067884519682194e-08
5.43,8.091607896462117e-09,23.41097214766364,4.56185506384937,6.796986794149857e-08
5.44,6.796032323306511e-09,23.456590698303767,4.561855064012704,6.53337978173901e-08
5.45,5.5873231257156145e-09,23.502209248945462,4.56185506416963,6.277030480260283e-08
5.46,4.46117903173529e-09,23.547827799588667,4.561855064320327,6.027893688081791e-08
5.47,3.4134658107017763e-09,23.593446350233318,4.561855064464975,5.785913096616424e-08
5.48,2.4402116641869576e-09,23.639064900879355,4.56185506460375,5.55102242832946e-08
5.49,1.537602645433258e-09,23.684683451526723,4.561855064736829,5.323146210583761e-08
5.5,7.019781142792596e-10,23.730302002175367,4.561855064864384,5.102200595005276e-08
5.51,-7.017376929972738e-11,23.775920552825234,4.561855064986586,4.888093994767322e-08
5.5200000000000005,-7.81795369482123e-10,23.821539103476276,4.56185506510414,4.702163504610854e-08
5.53,-1.4319786927262655e-09,23.867157654128498,4.561855065222067,4.7170668969430114e-08
5.54,-2.0216780447399053e-09,23.912776204781895,4.561855065339622,4.702191727836619e-08
5.55,-2.552138301718374e-09,23.95839475543646,4.561855065456122,4.660000782119439e-08
5.5600000000000005,-3.024864210448248e-09,24.00401330609217,4.561855065570945,4.592926346017846e-08
5.57,-3.441590566703835e-09,24.049631856749006,4.561855065683528,4.503357415952602e-08
5.58,-3.80425336571342e-09,24.09525040740694,4.561855065793369,4.393629365430803e-08
5.59,-4.114962040159292e-09,24.14086895806594,4.56185506590002,4.266013384336266e-08
5.6000000000000005,-4.375972854664231e-09,24.18648750872597,4.561855066003088,4.122708239755203e-08
5.61,-4.5896635313092845e-09,24.232106059386993,4.5618550661022335,3.9658325830454485e-08
5.62,-4.758509159305491e-09,24.277724610048963,4.561855066197169,3.797418576994375e-08
5.63,-4.8850594374109235e-09,24.32334316071184,4.561855066287654,3.619406251301583e-08
5.64,-4.977987118014158e-09,24.368961711375498,4.561855066365844,3.127594041247904e-08
5.65,-5.04380494742043e-09,24.414580262039816,4.5618550664318125,2.638754033587674e-08
5.66,-5.087351542529725e-09,24.460198812704693,4.561855066487668,2.2342266816466434e-08
5.67,-5.112623198849052e-09,24.505817363370046,4.561855066535152,1.8993678315411916e-08
5.68,-5.122920282564729e-09,24.551435914035803,4.561855066575704,1.6220780962755584e-08
5.69,-5.120968186150058e-09,24.59705446470191,4.561855066610512,1.3923604439420147e-08
5.7,-5.109017258517796e-09,24.642673015368313,4.561855066640561,1.2019552614716522e-08
5.71,-5.08792260230472e-09,24.68829156603499,4.561855066667926,1.0945984084576029e-08
5.72,-5.058176101894267e-09,24.733910116701928,4.561855066693747,1.0328401967931012e-08
5.73,-5.020509798090247e-09,24.77952866736911,4.561855066718092,9.737890319098814e-09
5.74,-4.975614898437063e-09,24.82514721803652,4.561855066741026,9.173542828880228e-09
5.75,-4.9241435520750275e-09,24.870765768704146,4.561855066762612,8.634468664979273e-09
5.76,-4.866710567772855e-09,24.916384319371975,4.561855066782911,8.119793382409106e-09
5.7700000000000005,-4.803895063726527e-09,24.962002870039996,4.561855066801983,7.628665751537097e-09
5.78,-4.736242072254568e-09,25.007621420708194,4.561855066819883,7.160249109227569e-09
5.79,-4.664264084270374e-09,25.05323997137656,4.561855066836667,6.713726821277842e-09
5.8,-4.588442538513725e-09,25.098858522045084,4.561855066852388,6.28830228241817e-09
5.8100000000000005,-4.509229257767337e-09,25.144477072713755,4.561855066867096,5.883198461108683e-09
5.82,-4.427047841158964e-09,25.190095623382565,4.561855066880841,5.4976538027122445e-09
5.83,-4.342294991219227e-09,25.235714174051502,4.561855066893668,5.130932243960609e-09
5.84,-4.2553418060578345e-09,25.281332724720556,4.561855066905624,4.782311832879154e-09
5.8500000000000005,-4.166535014940902e-09,25.326951275389725,4.561855066916752,4.451092467237995e-09
5.86,-4.076198168895028e-09,25.372569826058996,4.561855066927093,4.136593163333891e-09
5.87,-3.984632789201177e-09,25.418188376728363,4.561855066936688,3.838150235178186e-09
5.88,-3.892119464567079e-09,25.46380692739782,4.561855066945576,3.555121846526865e-09
5.89,-3.798918912694043e-09,25.509425478067357,4.561855066953793,3.286882093241413e-09
5.9,-3.705272994242725e-09,25.55504402873697,4.5618550669613755,3.03282555531888e-09
5.91,-3.6114056885204234e-09,25.600662579406652,4.561855066968357,2.7923645656738127e-09
5.92,-3.517524027241735e-09,25.6462811300764,4.561855066974769,2.564930575747257e-09
5.93,-3.423818997119789e-09,25.691899680746207,4.561855066980645,2.3499696034766523e-09
5.94,-3.330466391928216e-09,25.737518231416068,4.561855066986012,2.146950882152991e-09
5.95,-3.2376276430703856e-09,25.78313678208598,4.5618550669909,1.9553554803455794e-09
5.96,-3.145450606526808e-09,25.828755332755932,4.561855066995337,1.7746840403531769e-09
5.97,-3.05407031740614e-09,25.874373883425925,4.561855066999348,1.6044540469859352e-09
5.98,-2.9636097127681575e-09,25.919992434095953,4.561855067002958,1.4441989171593697e-09
5.99,-2.8741803245624167e-09,25.965610984766016,4.561855067006192,1.293467089488333e-09
6.0,-2.7858829363747753e-09,26.011229535436108,4.561855067009072,1.1518252107080742e-09
6.01,-2.6988082156945924e-09,26.056848086106225,4.561855067011619,1.0188535836441393e-09
6.0200000000000005,-2.613037316546053e-09,26.102466636776363,4.5618550670138545,8.941475328213952e-10
6.03,-2.5286424539185415e-09,26.148085187446522,4.561855067015798,7.773174044640236e-10
6.04,-2.4456874523089106e-09,26.193703738116696,4.561855067017468,6.679876560895014e-10
6.05,-2.3642282655501804e-09,26.239322288786884,4.561855067018882,5.657982221176233e-10
6.0600000000000005,-2.284313480120778e-09,26.284940839457086,4.561855067020058,4.703990514343889e-10
6.07,-2.2059847834234194e-09,26.330559390127295,4.561855067021012,3.8145784584315886e-10
6.08,-2.129277420613824e-09,26.37617794079751,4.561855067021759,2.9865095600446575e-10
6.09,-2.054220617215473e-09,26.421796491467735,4.5618550670223135,2.216720302931915e-10
6.1000000000000005,-1.9808379925643152e-09,26.46741504213796,4.561855067022689,1.5022245553536887e-10
6.11,-1.909147947300129e-09,26.513033592808192,4.561855067022899,8.401681944429351e-11
6.12,-1.8391640288548022e-09,26.558652143478422,4.561855067022956,2.2782910620523464e-11
6.13,-1.7708952806752865e-09,26.604270694148653,4.561855067022871,-3.374101266617758e-11
6.140000000000001,-1.704346576392811e-09,26.64988924481888,4.561855067022656,-8.580758808586869e-11
6.15,-1.6395189338171642e-09,26.695507795489103,4.561855067022322,-1.3365807323338474e-10
6.16,-1.5764098096330312e-09,26.741126346159323,4.561855067021878,-1.775218904253268e-10
6.17,-1.5150133825798393e-09,26.786744896829536,4.561855067021334,-2.1762026832413733e-10
6.18,-1.455320817541887e-09,26.83236344749974,4.561855067020699,-2.5416351072004335e-10
6.19,-1.3973205243213362e-09,26.87798199816994,4.56185506701998,-2.873569141701787e-10
6.2,-1.340998384843457e-09,26.92360054884013,4.561855067019187,-3.173893879233478e-10
6.21,-1.2863379890101329e-09,26.969219099510315,4.5618550670183255,-3.4444984122836507e-10
6.22,-1.233320835181299e-09,27.01483765018049,4.561855067017404,-3.6871034082270497e-10
6.23,-1.1819265381828421e-09,27.060456200850652,4.5618550670164275,-3.9034204303783223e-10
6.24,-1.1321330137352173e-09,27.106074751520804,4.561855067015403,-4.0950472412998383e-10
6.25,-1.083916653603092e-09,27.151693302190946,4.561855067014338,-4.263504219042443e-10
6.26,-1.037252493726935e-09,27.197311852861077,4.561855067013235,-4.410257117295927e-10
6.2700000000000005,-9.921143685640157e-10,27.242930403531197,4.561855067012101,-4.536689753208446e-10
6.28,-9.484750617032084e-10,27.288548954201307,4.56185506701094,-4.6441449756573773e-10
6.29,-9.063064348320337e-10,27.334167504871406,4.561855067009757,-4.733847280737699e-10
6.3,-8.655795619462824e-10,27.37978605554149,4.561855067008556,-4.807012060484258e-10
6.3100000000000005,-8.262648490642378e-10,27.425404606211565,4.56185506700734,-4.864781874450444e-10
6.32,-7.883321419548014e-10,27.471023156881625,4.561855067006112,-4.908217345647991e-10
6.33,-7.517508352128469e-10,27.516641707551674,4.561855067004878,-4.938360888968302e-10
6.34,-7.16489965928674e-10,27.56226025822171,4.561855067003639,-4.956172982761117e-10
6.3500000000000005,-6.825183052706128e-10,27.607878808891734,4.561855067002398,-4.962577689135459e-10
6.36,-6.49804441442122e-10,27.653497359561744,4.561855067001158,-4.958444445839248e-10
6.37,-6.18316859802376e-10,27.699115910231743,4.561855066999922,-4.944610826409773e-10
6.38,-5.88024010591599e-10,27.74473446090173,4.5618550669986915,-4.921841571902838e-10
6.390000000000001,-5.588943823730661e-10,27.790353011571703,4.5618550669974685,-4.890905975404368e-10
6.4,-5.308965544774419e-10,27.835971562241667,4.561855066996255,-4.852468633308129e-10
6.41,-5.039992573773864e-10,27.881590112911617,4.5618550669950535,-4.807198694038005e-10
6.42,-4.781714248000657e-10,27.927208663581556,4.561855066993864,-4.755724337747047e-10
6.43,-4.5338224063037753e-10,27.972827214251485,4.561855066992689,-4.698632776317469e-10
6.44,-4.2960118154779713e-10,28.0184457649214,4.56185506699153,-4.6364748053907385e-10
6.45,-4.0679805422976566e-10,28.064064315591303,4.561855066990388,-4.569760252337484e-10
6.46,-3.849430337734511e-10,28.109682866261195,4.5618550669892635,-4.4989898404681584e-10
6.47,-3.640066913337336e-10,28.155301416931078,4.561855066988158,-4.424605116701985e-10
6.48,-3.439600287528373e-10,28.20091996760095,4.5618550669870706,-4.3470612840484895e-10
6.49,-3.2477449824771826e-10,28.24653851827081,4.561855066986004,-4.266740713035677e-10
6.5,-3.064220273290476e-10,28.29215706894066,4.561855066984958,-4.184025774191563e-10
6.51,-2.88875040550479e-10,28.3377756196105,4.561855066983933,-4.0992806299237885e-10
6.5200000000000005,-2.72106472990523e-10,28.38339417028033,4.561855066982929,-4.0128193703089546e-10
6.53,-2.560897893185958e-10,28.429012720950148,4.5618550669819475,-3.9249651894838553e-10
6.54,-2.407989910106792e-10,28.47463127161996,4.561855066980988,-3.83598210519405e-10
6.55,-2.2620863428603974e-10,28.52024982228976,4.561855066980052,-3.7461659993957704e-10
6.5600000000000005,-2.1229383109988678e-10,28.56586837295955,4.561855066979138,-3.655735369533629e-10
6.57,-1.99030262977967e-10,28.611486923629332,4.561855066978247,-3.564945129293003e-10
6.58,-1.8639418032616093e-10,28.657105474299104,4.561855066977379,-3.473986463937937e-10
6.59,-1.743624118847185e-10,28.70272402496887,4.561855066976533,-3.3830778709130496e-10
6.6000000000000005,-1.6291236026532123e-10,28.748342575638627,4.56185506697571,-3.292374119241624e-10
6.61,-1.5202200944121713e-10,28.79396112630838,4.56185506697491,-3.2020663941877063e-10
6.62,-1.4166991862296978e-10,28.83957967697812,4.561855066974132,-3.1122867046241044e-10
6.63,-1.318352241755837e-10,28.88519822764785,4.561855066973376,-3.0231852675440054e-10
6.640000000000001,-1.2249763543833909e-10,28.930816778317578,4.561855066972642,-2.934884987760026e-10
6.65,-1.1363743376984126e-10,28.976435328987296,4.56185506697193,-2.847513322114876e-10
6.66,-1.0523546639264228e-10,29.02205387965701,4.56185506697124,-2.761170415270692e-10
6.67,-9.727314074731344e-11,29.067672430326713,4.561855066970571,-2.67594730782942e-10
6.68,-8.973241814733949e-11,29.11329098099641,4.5618550669699225,-2.591925936332812e-10
6.69,-8.25958094372085e-11,29.158909531666104,4.561855066969295,-2.5091927893527167e-10
6.7,-7.584636452537274e-11,29.20452808233579,4.561855066968689,-2.427802491250313e-10
6.71,-6.946766811825236e-11,29.25014663300547,4.561855066968102,-2.347827874507158e-10
6.72,-6.34438284129969e-11,29.295765183675147,4.561855066967534,-2.269309907394142e-10
6.73,-5.775947287962311e-11,29.341383734344817,4.561855066966986,-2.1923123183326305e-10
6.74,-5.2399733978507815e-11,29.387002285014482,4.561855066966457,-2.1168533154430327e-10
6.75,-4.7350242851974706e-11,29.43262083568414,4.561855066965946,-2.0429738669962345e-10
6.76,-4.2597117445706275e-11,29.478239386353795,4.561855066965453,-1.9706921811126417e-10
6.7700000000000005,-3.8126957084189e-11,29.523857937023447,4.561855066964978,-1.900049226063138e-10
6.78,-3.3926826946664573e-11,29.56947648769309,4.561855066964521,-1.8310404498176493e-10
6.79,-2.998425138399765e-11,29.615095038362732,4.56185506696408,-1.7636886125266753e-10
6.8,-2.6287204036929506e-11,29.66071358903237,4.5618550669636555,-1.698007370280521e-10
6.8100000000000005,-2.282409354157666e-11,29.706332139702003,4.561855066963247,-1.633983066988919e-10
6.82,-1.9583757747530534e-11,29.751950690371633,4.561855066962854,-1.5716339107722685e-10
6.83,-1.6555449895639216e-11,29.79756924104126,4.561855066962477,-1.5109462455402999e-10
6.84,-1.3728829980550246e-11,29.84318779171088,4.561855066962114,-1.451920071293028e-10
6.8500000000000005,-1.1093951963493627e-11,29.888806342380498,4.561855066961765,-1.3945371799100848e-10
6.86,-8.641252539655389e-12,29.934424893050114,4.56185506696143,-1.338779363271102e-10
6.87,-6.3615465666072184e-12,29.980043443719726,4.561855066961108,-1.2846602774663784e-10
6.88,-4.2460089898861004e-12,30.025661994389335,4.5618550669608,-1.2321344021949703e-10
6.890000000000001,-2.2861700266486786e-12,30.07128054505894,4.561855066960505,-1.181201737456889e-10
6.9,-4.73904048132727e-13,30.11689909572854,4.561855066960222,-1.1318440751317614e-10
6.91,1.19858544449373e-12,30.16251764639814,4.561855066959951,-1.0840158949186421e-10
6.92,2.7315093120683696e-12,30.208136197067738,4.561855066959683,-1.074324622845526e-10
6.93,4.125739122378024e-12,30.253754747737332,4.5618550669594145,-1.0733778005858246e-10
6.94,5.383874157215024e-12,30.299373298406923,4.561855066959148,-1.0660035118312483e-10
6.95,6.509133186774568e-12,30.34499184907651,4.561855066958885,-1.0527480001932549e-10
6.96,7.505282730442868e-12,30.390610399746098,4.561855066958627,-1.0341711653735896e-10
6.97,8.376572100631782e-12,30.436228950415682,4.5618550669583735,-1.0108055948934239e-10
6.98,9.127668854251688e-12,30.481847501085262,4.5618550669581275,-9.831747722137398e-11
6.99,9.763596700135275e-12,30.527466051754843,4.5618550669578894,-9.517885247052323e-11
7.0,1.0289677312001092e-11,30.57308460242442,4.56185506695766,-9.171339195881198e-11
7.01,1.0711473588555533e-11,30.618703153093993,4.56185506695744,-8.796843679923348e-11
7.0200000000000005,1.1034739425955539e-11,30.664321703763566,4.56185506695723,-8.398768648070458e-11
7.03,1.1272907511740208e-11,30.709940254433135,4.56185506695704,-7.601298495635157e-11
7.04,1.144459965905834e-11,30.755558805102705,4.5618550669568805,-6.405480189539013e-11
7.05,1.156165999046401e-11,30.80117735577227,4.5618550669567455,-5.416005407672884e-11
7.0600000000000005,1.1633870752076506e-11,30.846795906441837,4.561855066956631,-4.597049673185146e-11
7.07,1.1669310225312812e-11,30.892414457111403,4.561855066956533,-3.919024790454973e-11
7.08,1.1674651177286267e-11,30.93803300778097,4.561855066956449,-3.357349796966576e-11
7.09,1.1655400995935504e-11,30.983651558450532,4.561855066956377,-2.891995760299659e-11
7.1000000000000005,1.1615251008040748e-11,31.029270109120095,4.561855066956313,-2.549318934707404e-11
7.11,1.1554729296061715e-11,31.074888659789657,4.5618550669562525,-2.4061575882024842e-11
7.12,1.1475540159559613e-11,31.12050721045922,4.561855066956196,-2.2692780432294398e-11
7.13,1.1379292323806171e-11,31.166125761128782,4.561855066956142,-2.1384982185844453e-11
7.140000000000001,1.1267506371531544e-11,31.211744311798345,4.561855066956092,-2.0134539518598538e-11
7.15,1.1141613672009188e-11,31.257362862467904,4.561855066956045,-1.894145243055662e-11
7.16,1.1002963956071998e-11,31.302981413137463,4.561855066956,-1.7802534500651788e-11
7.17,1.0852829811284928e-11,31.348599963807022,4.5618550669559585,-1.6715054510826695e-11
7.18,1.0692405090578807e-11,31.39421851447658,4.5618550669559195,-1.5679467664090875e-11
7.19,1.0522815286373108e-11,31.43983706514614,4.561855066955883,-1.4691221930348766e-11
7.2,1.034511370347078e-11,31.4854556158157,4.561855066955848,-1.3751227715619465e-11
7.21,1.0160290204230738e-11,31.531074166485258,4.561855066955816,-1.2855843395826515e-11
7.22,9.969270571219976e-12,31.576692717154817,4.561855066955786,-1.200461376796036e-11
7.23,9.772923334996614e-12,31.622311267824376,4.561855066955758,-1.1194352410954102e-11
7.24,9.572061136290155e-12,31.667929818493935,4.561855066955732,-1.0423693715779075e-11
7.25,9.367436922275282e-12,31.71354836916349,4.561855066955708,-9.694458494473486e-12
7.26,9.159760249870232e-12,31.759166919833046,4.561855066955686,-8.999363498884465e-12
7.2700000000000005,8.949687676549596e-12,31.8047854705026,4.5618550669556654,-8.34113994706933e-12
7.28,8.737829650369119e-12,31.850404021172157,4.561855066955646,-7.717511823980309e-12
7.29,8.524752245439547e-12,31.896022571841712,4.561855066955628,-7.127113520588732e-12
7.3,8.310982168324962e-12,31.941641122511268,4.561855066955612,-6.567213818837274e-12
7.3100000000000005,8.0970054113923e-12,31.987259673180823,4.561855066955597,-6.037812718725935e-12
7.32,7.883270382751503e-12,32.03287822385038,4.561855066955583,-5.537544611226049e-12
7.33,7.670191003589931e-12,32.07849677451994,4.56185506695557,-5.064588684299399e-12
7.34,7.45814676631958e-12,32.1241153251895,4.561855066955559,-4.61848973493643e-12
7.3500000000000005,7.24748727564049e-12,32.16973387585906,4.561855066955548,-4.1969717480893726e-12
7.36,7.038530143989093e-12,32.21535242652861,4.561855066955538,-3.8004899267677795e-12
7.37,6.83156607956296e-12,32.26097097719816,4.56185506695553,-3.4267682559238796e-12
7.38,6.626858535427e-12,32.306589527867715,4.561855066955522,-3.0753515325481207e-12
7.390000000000001,6.424645440348074e-12,32.35220807853727,4.5618550669555145,-2.7453293506213952e-12
7.4,6.225143314804083e-12,32.39782662920682,4.561855066955508,-2.434425695095932e-12
7.41,6.028545049798508e-12,32.44344517987637,4.561855066955503,-2.143095768981286e-12
7.42,5.8350212745241525e-12,32.48906373054592,4.5618550669554985,-1.870884369267905e-12
7.43,5.6447256166755534e-12,32.534682281215474,4.561855066955494,-1.615060277898464e-12
7.44,5.457792125388661e-12,32.580300831885026,4.5618550669554905,-1.3760786978825182e-12
7.45,5.27433839309502e-12,32.62591938255458,4.561855066955488,-1.152574020191406e-12
7.46,5.094464751710178e-12,32.67153793322413,4.561855066955485,-9.445462448251285e-13
7.47,4.918256161267017e-12,32.71715648389368,4.561855066955483,-7.510849657645782e-13
7.48,4.745785289237055e-12,32.762775034563234,4.561855066955482,-5.703693709715388e-13
7.49,4.5771113669991634e-12,32.808393585232785,4.561855066955481,-4.023994604460114e-13
7.5,4.4122793345650035e-12,32.85401213590234,4.56185506695548,-2.4763043719755136e-13
7.51,4.251324689784412e-12,32.89963068657189,4.56185506695548,-1.0378628617838792e-13
7.5200000000000005,4.094272011520168e-12,32.94524923724144,4.56185506695548,2.913299261147799e-14
7.53,3.941137685388876e-12,32.99086778791099,4.56185506695548,1.5249300820070858e-13
7.54,3.791924498018373e-12,33.036486338580545,4.561855066955481,2.6401774554153137e-13
7.55,3.64663126340086e-12,33.0821048892501,4.561855066955482,3.678040317199346e-13
7.5600000000000005,3.5052465003431073e-12,33.12772343991965,4.5618550669554825,4.620310546977003e-13
7.57,3.3677532324064374e-12,33.1733419905892,4.561855066955484,5.485196265130452e-13
7.58,3.2341268634925593e-12,33.21896054125875,4.561855066955486,6.268145441564143e-13
7.59,3.104338161500224e-12,33.264579091928304,4.561855066955488,6.982814166564702e-13
7.6000000000000005,2.9783505213316693e-12,33.310197642597856,4.56185506695549,7.620098379941037e-13
7.61,2.856124141538232e-12,33.35581619326741,4.561855066955491,8.198206202075319e-13
7.62,2.737613880284828e-12,33.40143474393696,4.561855066955493,8.712585602871998e-13
7.63,2.62277041581732e-12,33.44705329460651,4.561855066955496,9.167788612426614e-13
7.640000000000001,2.511542607419554e-12,33.492671845276064,4.5618550669554985,9.577471321025797e-13
7.65,2.4038738370513625e-12,33.538290395945616,4.561855066955501,9.92797763838291e-13
7.66,2.299705566861782e-12,33.58390894661517,4.561855066955504,1.0232963654784587e-12
7.67,2.198976382518783e-12,33.62952749728472,4.5618550669555065,1.0492429370230823e-12
7.68,2.101622839124444e-12,33.67514604795427,4.561855066955509,1.0710926814817153e-12
7.69,2.0075791019266592e-12,33.72076459862382,4.561855066955512,1.0888455988543585e-12
7.7,1.9167795940753928e-12,33.766383149293375,4.5618550669555145,1.1038672981696746e-12
7.71,1.829155326132686e-12,33.81200169996293,4.561855066955517,1.1147921703990003e-12
7.72,1.7446374433214559e-12,33.85762025063248,4.56185506695552,1.1229858245709987e-12
7.73,1.6631544548236084e-12,33.90323880130203,4.5618550669555225,1.1275378546665605e-12
7.74,1.5846372838012506e-12,33.94885735197158,4.561855066955525,1.1307242757334583e-12
7.75,1.5090140900290207e-12,33.994475902641135,4.561855066955528,1.130724275733474e-12
7.76,1.4362114073596761e-12,34.04009445331069,4.5618550669555304,1.1275378546666077e-12
7.7700000000000005,1.3661585905402726e-12,34.08571300398024,4.561855066955533,1.1234410275806313e-12
7.78,1.2987835394200488e-12,34.13133155464979,4.561855066955536,1.117068185446882e-12
7.79,1.2340153414582335e-12,34.17695010531934,4.561855066955538,1.109329734284468e-12
7.8,1.1717827033842037e-12,34.222568655988894,4.561855066955541,1.0997704710838353e-12
7.8100000000000005,1.112014187425463e-12,34.268187206658446,4.561855066955544,1.0883903958449835e-12
7.82,1.0546381465746772e-12,34.313805757328005,4.561855066955546,1.0751895085679129e-12
7.83,9.995862708826423e-13,34.359424307997564,4.561855066955549,1.0619886212908414e-12
7.84,9.467887121396757e-13,34.40504285866712,4.561855066955552,1.046966921975551e-12
7.8500000000000005,8.961770293212653e-13,34.45066140933668,4.561855066955554,1.031034816641151e-12
7.86,8.476826225849009e-13,34.49627996000624,4.561855066955557,1.013737102278086e-12
7.87,8.012414860924579e-13,34.5418985106758,4.56185506695556,9.9734979393413e-13
7.88,7.567863277861752e-13,34.58751706134536,4.561855066955562,9.786864705424e-13
7.890000000000001,7.142540304128527e-13,34.63313561201492,4.561855066955565,9.60478350160224e-13
7.9,6.735810822220513e-13,34.67875416268448,4.561855066955568,9.413598237589383e-13
7.91,6.347044221060022e-13,34.724372713354036,4.56185506695557,9.21330891338543e-13
7.92,5.975640911522962e-13,34.769991264023595,4.561855066955573,9.017571619277011e-13
7.930000000000001,5.620995685267838e-13,34.815609814693154,4.561855066955575,8.812730264977498e-13
7.94,5.282533276786506e-13,34.86122836536271,4.561855066955577,8.612440940773524e-13
7.95,4.959680771874813e-13,34.90684691603227,4.561855066955578,8.407599586474002e-13
7.96,4.651873108819196e-13,34.95246546670183,4.56185506695558,8.198206202078926e-13
7.97,4.3585706266636483e-13,34.99808401737139,4.561855066955582,7.99336484777939e-13
7.98,4.0792345132253534e-13,35.04370256804095,4.561855066955584,7.783971463384306e-13
7.99,3.8133503926945574e-13,35.08932111871051,4.5618550669555855,7.579130109084764e-13
8.0,3.5604128242141603e-13,35.13493966938007,4.561855066955587,7.374288754785216e-13
8.01,3.319918829642903e-13,35.180558220049626,4.561855066955589,7.164895370390118e-13
8.02,3.091397533064824e-13,35.226176770719185,4.561855066955591,6.964606046186109e-13
8.03,2.8743826647337706e-13,35.271795321388744,4.561855066955593,6.764316721982097e-13
8.040000000000001,2.6684181598182816e-13,35.3174138720583,4.561855066955594,6.56402739777808e-13
8.05,2.473057750177261e-13,35.36303242272786,4.561855066955596,6.363738073574063e-13
8.06,2.287864564819139e-13,35.40865097339742,4.561855066955598,6.163448749370042e-13
8.07,2.1124378230215436e-13,35.45426952406698,4.5618550669556,5.976815515452656e-13
8.08,1.9463673473098983e-13,35.49988807473654,4.5618550669556015,5.785630251439723e-13
8.09,1.7892723097165745e-13,35.5455066254061,4.561855066955603,5.60354904761788e-13
8.1,1.6407647878819292e-13,35.59112517607566,4.561855066955605,5.416915813700488e-13
8.11,1.5004764950193966e-13,35.636743726745216,4.561855066955606,5.234834609878639e-13
8.120000000000001,1.3680434085662187e-13,35.682362277414775,4.561855066955607,5.05275340605679e-13
8.13,1.24313553629494e-13,35.727980828084334,4.561855066955608,4.884328292521579e-13
8.14,1.1254205205510524e-13,35.77359937875389,4.561855066955609,4.715903178986366e-13
8.15,1.0145813925456891e-13,35.81921792942345,4.5618550669556095,4.552030095546698e-13
8.16,9.10313283020909e-14,35.86483648009301,4.56185506695561,4.392709042202575e-13
8.17,8.123050955263679e-14,35.91045503076257,4.561855066955611,4.228835958762904e-13
8.18,7.20272325063044e-14,35.95607358143213,4.561855066955612,4.0740669355143246e-13
8.19,6.339387563534876e-14,36.00169213210169,4.561855066955613,3.9238499423612915e-13
8.2,5.530301988146667e-14,36.04731068277125,4.561855066955614,3.7736329492082564e-13
8.21,4.772953048627591e-14,36.092929233440806,4.561855066955615,3.6325200162463153e-13
8.22,4.064812777607993e-14,36.138547784110365,4.561855066955616,3.491407083284372e-13
8.23,3.4033966086483755e-14,36.184166334779924,4.561855066955617,3.350294150322428e-13
8.24,2.786622271244848e-14,36.22978488544948,4.5618550669556175,3.227389337742671e-13
8.25,2.2121460264651926e-14,36.27540343611904,4.561855066955618,3.0953804649718187e-13
8.26,1.6778118325630965e-14,36.3210219867886,4.561855066955619,2.9679236222965133e-13
8.27,1.1817397593365636e-14,36.36664053745816,4.56185506695562,2.8541228699078476e-13
8.28,7.218128183419839e-15,36.41225908812772,4.561855066955621,2.7312180573280874e-13
8.290000000000001,2.9627681334449956e-15,36.45787763879728,4.561855066955622,2.621969335034967e-13
8.3,-9.66823953009948e-16,36.50349618946684,4.561855066955623,2.512720612741846e-13
8.31,-4.583085921818299e-15,36.549114740136396,4.561855066955624,2.4307840710220055e-13
8.32,-7.882829823114444e-15,36.594733290805955,4.561855066955625,2.4353361011175533e-13
8.33,-1.0871005980200234e-14,36.640351841475514,4.5618550669556255,2.426232040926461e-13
8.34,-1.355409053905541e-14,36.68597039214507,4.561855066955626,2.403471890448727e-13
8.35,-1.59409948325032e-14,36.73158894281463,4.561855066955627,2.362503619588807e-13
8.36,-1.804006517867939e-14,36.77720749348419,4.561855066955628,2.3169833186333393e-13
8.370000000000001,-1.9861798614107488e-14,36.82282604415375,4.561855066955629,2.2578069273912316e-13
8.38,-2.1417348684104105e-14,36.86844459482331,4.56185506695563,2.1895264759580301e-13
8.39,-2.271883677349275e-14,36.91406314549287,4.561855066955631,2.112141964333735e-13
8.4,-2.3778460706134703e-14,36.95968169616243,4.561855066955632,2.0302054226138927e-13
8.41,-2.4608806758406244e-14,37.005300246831986,4.561855066955633,1.9437168507985035e-13
8.42,-2.5222861228483222e-14,37.050918797501545,4.5618550669556335,1.8526762488875672e-13
8.43,-2.5672843252824084e-14,37.096537348171104,4.5618550669556335,1.56134632277257e-13
8.44,-2.5986772115609363e-14,37.14215589884066,4.5618550669556335,1.3246407578041343e-13
8.45,-2.6189848190180388e-14,37.18777444951022,4.5618550669556335,1.1197994035045265e-13
8.46,-2.6302066978848792e-14,37.23339300017978,4.5618550669556335,9.51374289969293e-14
8.47,-2.63394386058214e-14,37.27901155084934,4.5618550669556335,8.148133871028878e-14
8.48,-2.6315505191457782e-14,37.3246301015189,4.5618550669556335,7.010126347142163e-14
8.49,-2.6241652930991965e-14,37.37024865218846,4.5618550669556335,6.054200027077326e-14
8.5,-2.6121403621836948e-14,37.41586720285802,4.5618550669556335,5.5534767165671693e-14
8.51,-2.5956733970192504e-14,37.461485753527576,4.5618550669556335,5.280354910834357e-14
8.52,-2.5751086051617568e-14,37.507104304197135,4.5618550669556335,5.007233105101545e-14
8.53,-2.5507866404879744e-14,37.552722854866694,4.5618550669556335,4.734111299368733e-14
8.540000000000001,-2.5231351910728603e-14,37.59834140553625,4.5618550669556335,4.415469192680452e-14
8.55,-2.4924587498010903e-14,37.64395995620581,4.5618550669556335,4.142347386947641e-14
8.56,-2.4590893027695303e-14,37.68957850687537,4.5618550669556335,3.869225581214829e-14
8.57,-2.4231759863174095e-14,37.73519705754493,4.5618550669556335,3.6871443773929545e-14
8.58,-2.385196732258702e-14,37.78081560821449,4.5618550669556335,3.3685022707046746e-14
8.59,-2.3452666941154678e-14,37.82643415888405,4.5618550669556335,3.1864210668828e-14
8.6,-2.3035895927390904e-14,37.87205270955361,4.5618550669556335,3.004339863060926e-14
8.61,-2.260548221927145e-14,37.917671260223166,4.5618550669556335,2.7312180573281143e-14
8.620000000000001,-2.2162835641162173e-14,37.963289810892725,4.5618550669556335,2.5491368535062403e-14
8.63,-2.1709054644931444e-14,38.008908361562284,4.5618550669556335,2.4125759506398347e-14
8.64,-2.1246431848634688e-14,38.05452691223184,4.5618550669556335,2.2304947468179603e-14
8.65,-2.0776049155931465e-14,38.1001454629014,4.5618550669556335,2.0939338439515547e-14
8.66,-2.0300185683894115e-14,38.14576401357096,4.5618550669556335,1.9118526401296804e-14
8.67,-1.981901006042327e-14,38.19138256424052,4.5618550669556335,1.8208120382187432e-14
8.68,-1.933599648861243e-14,38.23700111491008,4.5618550669556335,1.5932105334414e-14
8.69,-1.885100783562836e-14,38.28261966557964,4.5618550669556335,1.502169931530463e-14
8.700000000000001,-1.8364807929827597e-14,38.3282382162492,4.5618550669556335,1.4111293296195262e-14
8.71,-1.7878159848825105e-14,38.373856766918756,4.5618550669556335,1.320088727708589e-14
8.72,-1.739272942107396e-14,38.419475317588315,4.5618550669556335,1.1835278248421833e-14
8.73,-1.6908980583048428e-14,38.465093868257874,4.5618550669556335,1.0924872229312461e-14
8.74,-1.6427679940484487e-14,38.51071241892743,4.5618550669556335,1.001446621020309e-14
8.75,-1.595049947343249e-14,38.55633096959699,4.5618550669556335,8.648857181539032e-15
8.76,-1.547791190019627e-14,38.60194952026655,4.5618550669556335,7.73845116242966e-15
8.77,-1.5010695247713733e-14,38.64756807093611,4.5618550669556335,6.82804514332029e-15
8.78,-1.454782713466497e-14,38.69318662160567,4.5618550669556335,6.8280451433202906e-15
8.790000000000001,-1.4091598960994505e-14,38.73880517227523,4.5618550669556335,5.462436114656232e-15
8.8,-1.3641600740957243e-14,38.78442372294479,4.5618550669556335,5.007233105101546e-15
8.81,-1.3198932628044207e-14,38.830042273614346,4.5618550669556335,4.0968270859921745e-15
8.82,-1.2763498160906782e-14,38.875660824283905,4.5618550669556335,3.641624076437489e-15
8.83,-1.2334605508537919e-14,38.921279374953464,4.5618550669556335,3.641624076437489e-15
8.84,-1.1914577819170763e-14,38.96689792562302,4.5618550669556335,2.2760150477734306e-15
8.85,-1.1503038883874983e-14,39.01251647629258,4.5618550669556335,1.8208120382187447e-15
8.86,-1.1099319070657805e-14,39.05813502696214,4.5618550669556335,1.8208120382187447e-15
8.870000000000001,-1.070395927075151e-14,39.1037535776317,4.5618550669556335,1.3656090286640588e-15
8.88,-1.031811006203829e-14,39.14937212830126,4.5618550669556335,4.552030095546863e-16
8.89,-9.940824593062112e-15,39.19499067897082,4.5618550669556335,4.552030095546863e-16
8.9,-9.571765210061881e-15,39.24060922964038,4.5618550669556335,4.552030095546863e-16
8.91,-9.212407175261589e-15,39.286227780309936,4.5618550669556335,-4.552030095546863e-16
8.92,-8.861827704129594e-15,39.331846330979495,4.5618550669556335,-4.552030095546864e-16
8.93,-8.519713415187145e-15,39.377464881649054,4.5618550669556335,-4.552030095546864e-16
8.94,-8.186661259204118e-15,39.42308343231861,4.5618550669556335,-9.104060191093727e-16
8.950000000000001,-7.86117010107495e-15,39.46870198298817,4.5618550669556335,-4.552030095546864e-16
8.96,-7.544152467119506e-15,39.51432053365773,4.5618550669556335,-9.104060191093727e-16
8.97,-7.235927093055951e-15,39.55993908432729,4.5618550669556335,-1.3656090286640594e-15
8.98,-6.935918006718247e-15,39.60555763499685,4.5618550669556335,-1.3656090286640594e-15
8.99,-6.644760161083165e-15,39.65117618566641,4.5618550669556335,-1.820812038218746e-15
9.0,-6.361893060705871e-15,39.69679473633597,4.5618550669556335,-1.820812038218746e-15
9.01,-6.087064398531158e-15,39.742413287005526,4.5618550669556335,-1.8208120382187463e-15
9.02,-5.820931841094502e-15,39.788031837675085,4.5618550669556335,-2.276015047773433e-15
9.03,-5.563860287515966e-15,39.833650388344644,4.5618550669556335,-2.7312180573281196e-15
9.040000000000001,-5.314417382041205e-15,39.8792689390142,4.5618550669556335,-2.276015047773433e-15
9.05,-5.073584522710824e-15,39.92488748968376,4.5618550669556335,-2.7312180573281196e-15
9.06,-4.83994384940113e-15,39.97050604035332,4.5618550669556335,-2.276015047773433e-15
9.07,-4.612685244927446e-15,40.01612459102288,4.5618550669556335,-1.8208120382187463e-15
9.08,-4.393712436147428e-15,40.06174314169244,4.5618550669556335,-2.7312180573281204e-15
9.09,-4.181326267480527e-15,40.107361692362,4.5618550669556335,-2.2760150477734337e-15
9.1,-3.975638399021343e-15,40.15298024303156,4.5618550669556335,-2.2760150477734337e-15
9.11,-3.776465667847504e-15,40.198598793701116,4.5618550669556335,-2.2760150477734337e-15
9.120000000000001,-3.5836307258271365e-15,40.244217344370675,4.5618550669556335,-2.2760150477734337e-15
9.13,-3.3987675040286415e-15,40.289835895040234,4.5618550669556335,-3.186421066882807e-15
9.14,-3.219304770552192e-15,40.33545444570979,4.5618550669556335,-2.2760150477734337e-15
9.15,-3.0465872000910836e-15,40.38107299637935,4.5618550669556335,-2.7312180573281204e-15
9.16,-2.8801605595581256e-15,40.42669154704891,4.5618550669556335,-2.731218057328121e-15
9.17,-2.719877042060359e-15,40.47231009771847,4.5618550669556335,-2.731218057328121e-15
9.18,-2.5646915235804878e-15,40.51792864838803,4.5618550669556335,-2.276015047773434e-15
9.19,-2.414766770132962e-15,40.56354719905759,4.5618550669556335,-2.276015047773434e-15
9.200000000000001,-2.2708722577070028e-15,40.60916574972715,4.5618550669556335,-2.731218057328121e-15
9.21,-2.1325795211059303e-15,40.654784300396706,4.5618550669556335,-2.731218057328121e-15
9.22,-1.9997659091477806e-15,40.700402851066265,4.5618550669556335,-2.7312180573281216e-15
9.23,-1.8723136750006587e-15,40.746021401735824,4.5618550669556335,-2.7312180573281216e-15
9.24,-1.7501098718146426e-15,40.79163995240538,4.5618550669556335,-2.7312180573281216e-15
9.25,-1.633046252651538e-15,40.83725850307494,4.5618550669556335,-2.7312180573281216e-15
9.26,-1.5210191746238344e-15,40.8828770537445,4.5618550669556335,-2.7312180573281216e-15
9.27,-1.4130266959986752e-15,40.92849560441406,4.5618550669556335,-2.2760150477734345e-15
9.28,-1.308371010840152e-15,40.97411415508362,4.5618550669556335,-1.820812038218748e-15
9.290000000000001,-1.2090654514161222e-15,41.01973270575318,4.5618550669556335,-2.7312180573281216e-15
9.3,-1.1144206708703086e-15,41.06535125642274,4.5618550669556335,-2.731218057328122e-15
9.31,-1.0234502923581441e-15,41.110969807092296,4.5618550669556335,-2.276015047773435e-15
9.32,-9.372773781343505e-16,41.156588357761855,4.5618550669556335,-2.731218057328122e-15
9.33,-8.546223451481033e-16,41.202206908431414,4.5618550669556335,-2.276015047773435e-15
9.34,-7.748100897857262e-16,41.24782545910097,4.5618550669556335,-1.8208120382187483e-15
9.35,-6.98973398555814e-16,41.29344400977053,4.5618550669556335,-2.276015047773435e-15
9.36,-6.276472953733422e-16,41.33906256044009,4.5618550669556335,-2.731218057328122e-15
9.370000000000001,-5.595655071104455e-16,41.38468111110965,4.5618550669556335,-2.276015047773435e-15
9.38,-4.949688096197603e-16,41.43029966177921,4.5618550669556335,-2.276015047773435e-15
9.39,-4.338003054855264e-16,41.47591821244877,4.5618550669556335,-2.276015047773435e-15
9.4,-3.742005525215839e-16,41.52153676311833,4.5618550669556335,-1.365609028664061e-15
9.41,-3.176209945946381e-16,41.567155313787886,4.5618550669556335,-1.8208120382187483e-15
9.42,-2.637108441662989e-16,41.612773864457445,4.5618550669556335,-1.8208120382187483e-15
9.43,-2.1332531956472813e-16,41.658392415127004,4.5618550669556335,-2.276015047773435e-15
9.44,-1.6521665742499001e-16,41.70401096579656,4.5618550669556335,-1.8208120382187483e-15
9.450000000000001,-1.1964327597419538e-16,41.74962951646612,4.5618550669556335,-1.8208120382187483e-15
9.46,-7.656506836040383e-17,41.79524806713568,4.5618550669556335,-1.8208120382187483e-15
9.47,-3.684697944233706e-17,41.84086661780524,4.5618550669556335,-2.276015047773435e-15
9.48,-1.5363903064184812e-19,41.8864851684748,4.5618550669556335,-2.276015047773435e-15
9.49,3.5352422032247754e-17,41.93210371914436,4.5618550669556335,-1.365609028664061e-15
9.5,6.819812222516242e-17,41.97772226981392,4.5618550669556335,-1.8208120382187483e-15
9.51,9.871292737091533e-17,42.023340820483476,4.5618550669556335,-1.8208120382187483e-15
9.52,1.2692340536593037e-16,42.068959371153035,4.5618550669556335,-1.8208120382187483e-15
9.53,1.5285405018735554e-16,42.114577921822594,4.5618550669556335,-1.8208120382187483e-15
9.540000000000001,1.7652730312704093e-16,42.16019647249215,4.5618550669556335,-1.8208120382187483e-15
9.55,1.9796357217697654e-16,42.20581502316171,4.5618550669556335,-1.8208120382187483e-15
9.56,2.1718124958290215e-16,42.25143357383127,4.5618550669556335,-1.8208120382187483e-15
9.57,2.3419672758114947e-16,42.29705212450083,4.5618550669556335,-1.8208120382187483e-15
9.58,2.490244123321401e-16,42.34267067517039,4.5618550669556335,-1.8208120382187483e-15
9.59,2.6167673606233614e-16,42.38828922583995,4.5618550669556335,-1.8208120382187483e-15
9.6,2.7216416742482354e-16,42.43390777650951,4.5618550669556335,-1.8208120382187483e-15
9.61,2.80495220087101e-16,42.479526327179066,4.5618550669556335,-1.8208120382187483e-15
9.620000000000001,2.8757927071236168e-16,42.525144877848625,4.5618550669556335,-1.3656090286640612e-15
9.63,2.9312123052585107e-16,42.570763428518184,4.5618550669556335,-1.3656090286640612e-15
9.64,2.980282294580647e-16,42.61638197918774,4.5618550669556335,-9.104060191093743e-16
9.65,3.0200348502219084e-16,42.6620005298573,4.5618550669556335,-9.104060191093743e-16
9.66,3.0505017401509973e-16,42.70761908052686,4.5618550669556335,-9.104060191093743e-16
9.67,3.071706341059234e-16,42.75323763119642,4.5618550669556335,-9.104060191093743e-16
9.68,3.0926917673169666e-16,42.79885618186598,4.5618550669556335,-4.552030095546872e-16
9.69,3.11046754581276e-16,42.84447473253554,4.5618550669556335,-4.552030095546872e-16
9.700000000000001,3.1250483149674205e-16,42.8900932832051,4.5618550669556335,-4.552030095546872e-16
9.71,3.13644582761147e-16,42.935711833874656,4.5618550669556335,-4.552030095546872e-16
9.72,3.144668960318091e-16,42.981330384544215,4.5618550669556335,-4.552030095546872e-16
9.73,3.149723720136623e-16,43.026948935213774,4.5618550669556335,-4.552030095546872e-16
9.74,3.1516132487315327e-16,43.07256748588333,4.5618550669556335,-4.552030095546872e-16
9.75,3.1503378239294233e-16,43.11818603655289,4.5618550669556335,-4.552030095546872e-16
9.76,3.154922970267481e-16,43.16380458722245,4.5618550669556335,0.0
9.77,3.1533380088101336e-16,43.20942313789201,4.5618550669556335,-4.552030095546872e-16
9.78,3.1576161942471907e-16,43.25504168856157,4.5618550669556335,0.0
9.790000000000001,3.1557265709389237e-16,43.30066023923113,4.5618550669556335,-4.552030095546872e-16
9.8,3.159702118826914e-16,43.34627878990069,4.5618550669556335,0.0
9.81,3.1575116092313045e-16,43.391897340570246,4.5618550669556335,-4.552030095546872e-16
9.82,3.161187750515261e-16,43.437515891239805,4.5618550669556335,0.0
9.83,3.1586990436370436e-16,43.483134441909364,4.5618550669556335,-4.552030095546872e-16
9.84,3.1620779275702776e-16,43.52875299257892,4.5618550669556335,0.0
9.85,3.1592926346126066e-16,43.57437154324848,4.5618550669556335,-4.552030095546872e-16
9.86,3.1623753355630954e-16,43.61999009391804,4.5618550669556335,0.0
9.870000000000001,3.1592939947883416e-16,43.6656086445876,4.5618550669556335,-4.552030095546872e-16
9.88,3.1620805151574488e-16,43.71122719525716,4.5618550669556335,0.0
9.89,3.158702592865604e-16,43.75684574592672,4.5618550669556335,-4.552030095546872e-16
9.9,3.161191862126183e-16,43.80246429659628,4.5618550669556335,0.0
9.91,3.157515749750915e-16,43.848082847265836,4.5618550669556335,-4.552030095546872e-16
9.92,3.159705619597801e-16,43.893701397935395,4.5618550669556335,0.0
9.93,3.1647567384992714e-16,43.939319948604954,4.5618550669556335,0.0
9.94,3.163646862325782e-16,43.98493849927451,4.5618550669556335,-4.552030095546872e-16
9.950000000000001,3.1684096799527765e-16,44.03055704994407,4.5618550669556335,0.0
9.96,3.167014678764823e-16,44.07617560061363,4.5618550669556335,-4.552030095546872e-16
9.97,3.1714952909714906e-16,44.12179415128319,4.5618550669556335,0.0
9.98,3.1698207498182006e-16,44.16741270195275,4.5618550669556335,-4.552030095546872e-16
9.99,3.1740242356731993e-16,44.21303125262231,4.5618550669556335,0.0
